date,Tech,Health,Energy,Utilities,Banks,Retail,Industrials,Materials,RealEstate,Telecom,GovBonds,CorpBonds
2023-01-02,-0.0100843,-0.0108535,0.014156,0.0056777,-0.018825,-0.0075545,-0.0149571,0.01298,-0.00124,-0.0071148,-1.86e-05,0.000977
2023-01-03,0.0001391,0.0140317,-0.0125863,-0.0085885,0.0176345,-0.0012301,0.0131652,0.0124175,-0.0132093,-0.0037738,9.38e-05,-0.0004709
2023-01-04,-0.0186593,-0.0203799,-0.0206755,0.000336,-0.0068545,-0.0237998,-0.0208594,-0.0204641,-0.0303468,-0.0030197,0.0037856,-0.0013521
2023-01-05,0.0158539,0.0179864,0.0292646,0.0148521,0.014196,0.0160255,0.0111364,0.0105067,0.0224759,0.0090739,-0.0016763,0.0056621
2023-01-06,0.0166521,-0.0010731,-0.0041254,0.0082864,0.0129534,0.0042672,0.0154805,0.0053942,-0.016464,-0.0030159,-0.004855,0.0066404
2023-01-09,0.0033419,-0.001615,-0.0401974,-0.0126386,-0.0043179,-0.0179044,0.004183,-0.0040259,-0.0038092,-0.0021684,-0.0023518,-0.0053445
2023-01-10,-0.0277607,-0.0025346,0.0031457,-0.0029954,-0.0058932,-0.0107396,-0.0012418,-0.0306906,-0.0148054,-0.0075474,-0.0010138,0.00044
2023-01-11,0.0015927,0.0034828,0.0227728,0.0121133,0.0104946,0.0139826,0.0161445,0.0073143,-0.0131524,0.0108803,-0.003086,0.0092744
2023-01-12,0.0192976,-0.0064961,-0.0204837,-0.0063548,-0.0031671,0.009084,-0.0120294,0.0073179,-0.0253277,0.0092662,0.000274,0.0004454
2023-01-13,-0.0037068,0.0054319,0.0034542,0.0124548,-0.0202927,-0.0096529,-0.0124446,0.0058893,-0.0206845,0.0202775,0.0006908,0.0052507
2023-01-16,-0.003309,0.0071647,0.0170322,-0.0025114,0.0061117,0.020458,0.0168379,0.0138595,0.0281851,-0.0126844,0.0003324,-0.0002476
2023-01-17,0.0248919,0.0127918,0.0236779,-0.0024807,0.0119481,0.0144234,0.0150018,-0.0051739,-0.0033923,0.005438,0.0038327,0.0039649
2023-01-18,0.0172756,-0.0162889,-0.0051934,0.0037802,0.0025294,-0.0168084,0.0076828,0.0033229,-0.0056167,0.0103562,-0.0049065,-0.0024286
2023-01-19,0.0107039,0.0021018,-0.0046581,-0.0014249,-0.0028788,0.0071168,-0.0031546,0.0068556,-0.0240551,0.0105069,0.0075611,0.0021978
2023-01-20,0.0012235,-0.0031747,0.0126038,-0.0043251,-0.006162,-0.0168442,0.0034631,-0.0015776,-0.0012035,0.0011109,-0.0020862,0.0012521
2023-01-23,-0.0209029,-0.0060774,-0.0108922,-0.0157489,-0.0187956,-0.0104405,-0.0104329,-0.0031901,-0.0093572,-0.0040072,-0.0004119,-0.0131387
2023-01-24,-0.0060795,-0.0101759,-0.0068294,-0.0075107,0.0027325,-0.0037543,0.0012919,0.0048136,-0.0094838,0.0049219,0.0012786,-0.005638
2023-01-25,0.0055303,0.0049642,0.0256223,-0.0003977,0.0226943,0.0120142,-0.010449,-0.0060659,0.0111908,-0.0093886,0.0010575,0.0075536
2023-01-26,-0.0046329,0.0099638,0.0196447,-0.0008421,-0.0013201,0.0007106,0.0020552,-0.0187879,-0.0025269,-0.0154192,-0.0007093,-0.001214
2023-01-27,-0.0395684,-0.0213619,-0.0204215,0.0115299,-0.0290226,-0.011069,-0.0206002,-0.0180014,0.0001808,-0.0054096,0.002845,-0.0004507
2023-01-30,0.0020039,-0.0212873,0.0011562,-0.0024657,-0.0007369,0.0032928,-0.0016611,0.0030472,-0.0168939,0.0012296,0.0003441,-0.0012992
2023-01-31,0.0250215,0.0011923,-0.004243,-0.0075301,0.004711,0.0156272,-0.0059819,0.0095268,-0.0230949,-0.0019715,0.0008328,-0.0011015
2023-02-01,-0.0178536,-0.0050151,0.0132661,0.0108918,0.0134376,0.004168,0.0003918,0.0088457,-0.0147483,-0.0098124,0.0042774,0.0035491
2023-02-02,0.0098238,0.0003627,-0.0148922,-0.0089457,0.0084623,0.0084279,-0.0099618,-0.0097547,-0.0022003,0.0069888,-0.0006772,-0.0041737
2023-02-03,0.0208407,0.0097304,-0.004834,-0.0024582,0.0189945,-0.0050672,0.0042625,0.01161,0.0071869,0.0122538,-0.0055636,0.0014375
2023-02-06,0.0263229,0.0171653,0.0274083,-0.0016705,0.0355529,0.0208307,0.0226356,0.0119676,0.0169083,0.0229511,-0.0016952,0.0046428
2023-02-07,-0.0041717,-0.0189761,-0.0101515,0.0026864,-0.0124593,-0.0065285,-0.0074285,-0.0249145,0.0034739,-0.0161219,0.0021692,-0.0019923
2023-02-08,0.0123149,0.0111968,0.0254324,0.0119419,0.0109936,0.0111015,0.0070993,-0.0028028,0.0217482,-0.0013862,-0.0033639,0.0045325
2023-02-09,-0.031791,-0.006297,-0.0260903,-0.0137468,-0.0191362,-0.018289,-0.0106056,0.003661,-0.0021615,-0.0031711,-0.0004073,-0.0035308
2023-02-10,0.0036902,0.0005995,0.0035508,-0.008752,0.0202882,-0.0100882,0.0003727,0.0107043,-0.0073105,0.0101155,-0.0043311,-0.0032302
2023-02-13,-0.0445466,-0.0017831,-0.0318777,-0.0104252,-0.0051783,-0.0077792,-0.0041687,-0.0050721,0.0001054,-0.0116922,0.0009311,0.000834
2023-02-14,0.0256023,0.0177362,0.0001803,-0.0035128,0.0019125,0.0078828,0.0123896,-0.0004555,0.0082718,0.0133535,0.0015895,-0.0002177
2023-02-15,0.0169525,-0.0041621,-0.0033639,0.0038264,0.0024265,0.0005112,0.0099602,-0.0034028,0.0074135,0.0036895,0.000675,0.0049318
2023-02-16,0.0150293,0.0044883,0.0263297,0.0057417,0.00336,0.0115602,0.0063433,-0.017657,-0.0022257,0.0031011,-0.0025229,-0.005057
2023-02-17,-0.0156692,-0.0044773,-0.0284212,-0.0019562,-0.0308681,-0.0038933,-0.0137076,-0.0247074,0.0047477,-0.0016918,0.003709,-0.0006101
2023-02-20,0.0122296,0.0017002,0.0123201,0.0016786,0.0007755,0.0042515,-0.0032531,0.0058819,0.0098187,0.0047608,0.0009731,-0.0003207
2023-02-21,-0.0063939,-0.0047425,0.0241225,-0.0126938,0.0146276,-0.0113672,-0.0082896,-0.0028445,0.0016678,-0.0038437,0.0011601,0.0050814
2023-02-22,0.0271112,-0.0011963,0.0051512,-0.0030189,0.0116314,-0.0054061,-0.0012911,-0.0169472,-0.0339824,0.0166938,0.0036125,0.0030393
2023-02-23,-0.0061471,-0.0094949,0.0001289,0.0025881,0.0127828,0.0044566,0.0142248,0.008358,0.0070008,0.0128441,-0.0024763,0.0025599
2023-02-24,0.0031549,0.0010521,0.03158,0.0116651,0.0150204,0.0190611,0.0112033,0.0233341,-0.0028613,0.0036739,0.0002659,-0.0030285
2023-02-27,-0.0063869,-0.008782,0.0116882,-0.0030686,0.0049175,0.0062257,0.0004866,0.0017999,0.0027437,0.0046434,0.0037817,-0.0047767
2023-02-28,-0.006735,-0.0151162,0.015479,-0.0169733,-0.0053363,-0.0094312,-0.0109955,0.0010951,0.0004083,-0.0124375,0.0020272,-0.0001381
2023-03-01,-0.0197141,-0.0187413,0.0030771,0.0017445,-0.0040033,-0.0122071,0.0002843,0.0293189,-0.0053717,-0.0007336,-0.0015613,-0.0055608
2023-03-02,0.0392999,0.0288104,0.0094138,0.0003538,0.0064361,0.0075428,0.0144335,-6.29e-05,0.0030814,0.0165201,-0.0019878,-0.0009602
2023-03-03,-0.0083806,0.0123905,-0.0121298,0.0007597,0.0163964,0.0096435,0.0075443,0.0084832,-0.0066016,-0.0033102,-0.0020363,-0.0122947
2023-03-06,0.0027122,0.0041416,0.0043971,0.0014142,0.0096795,0.0084579,0.0189163,0.0081498,0.0146123,-0.0014163,0.0001966,0.0024904
2023-03-07,0.0229113,0.0032486,-0.0007741,0.0118615,0.0234086,0.0173507,0.016377,0.0223124,0.0234195,0.0291428,-0.0022427,0.0033735
2023-03-08,-0.0067675,0.002006,0.027426,0.0007882,-0.0238494,-0.007315,-0.017144,-0.0195098,0.0133883,-0.0082416,-0.0012465,0.0045381
2023-03-09,0.031827,0.011115,0.0259558,-0.0007542,0.0196835,0.0248698,0.0063409,0.0335673,0.0233208,0.0228008,-0.0036356,0.007047
2023-03-10,0.0255243,0.017664,0.0328277,0.012866,0.035083,0.0404967,0.029542,0.0366612,0.0292108,0.0204337,-0.0018163,-0.0016658
2023-03-13,0.01261,0.0214712,0.0111193,0.0119698,0.0230618,-0.0117533,0.0062844,0.0086866,0.0053284,0.0058136,-0.0027872,-0.0005249
2023-03-14,0.001591,-0.0092586,0.0387646,0.0141803,0.0183954,0.0068773,0.0012817,0.0355821,-0.0040686,0.0175752,0.0002007,-0.0025994
2023-03-15,-0.0184606,-0.0091247,-0.0173139,-0.0138578,-0.0028153,-0.0139847,-0.0011307,-0.0089431,-0.0039102,-0.0030854,-0.0003845,-0.0018596
2023-03-16,0.0142651,0.025995,-0.0112066,-0.0016137,0.0071932,-0.0019607,-0.0003111,-0.0078136,0.0070027,0.00101,-0.000462,-0.0047703
2023-03-17,-0.0171012,0.0030537,0.0064486,-0.0143367,0.0034522,-0.0090268,-0.0132925,0.0031033,0.0059951,-0.0251212,0.0030074,-0.003471
2023-03-20,-0.0075803,-0.0039887,0.0153544,0.0092152,0.0027142,0.00606,0.0150883,-0.0015733,-0.0126626,0.0036822,0.0019805,-0.0012128
2023-03-21,-0.0069731,0.0136832,-0.0089434,-0.0088672,-0.0313731,0.0039205,0.005915,-0.0171565,0.003244,-0.0054591,0.0003893,-0.0036769
2023-03-22,0.0024749,0.0082342,-0.0069294,-0.0047447,-0.0076491,0.0119364,-0.0040871,0.0089561,-0.0125322,-0.0176913,-0.0020267,0.0013171
2023-03-23,0.0287499,0.015827,0.0165405,-0.0148526,0.0188119,-0.0016393,0.0070904,0.0322062,0.0208764,-0.0022868,-0.0023808,0.0059171
2023-03-24,-0.0092232,-0.0070218,-0.0249287,0.0014909,0.0004021,-0.0123374,-0.0214404,0.0139647,-0.0130169,-0.0001536,-0.0020042,-0.0048093
2023-03-27,-0.0001617,-0.0112126,0.0010884,0.0018488,-0.0163959,-0.0066353,-0.0045757,0.0033892,-0.0114931,-0.0062569,-0.0017924,0.0014031
2023-03-28,-0.0111998,-0.0193475,-0.0167899,-0.0052518,-0.017249,-0.0155335,-0.0228184,-0.0095204,-0.0132766,0.0017156,0.0007415,0.0016692
2023-03-29,-0.0272206,-0.0054015,0.0008531,0.0016569,-0.0135581,-0.0165792,0.0024886,-0.0123258,-0.0214872,-0.007888,0.0020349,-0.0053254
2023-03-30,-0.0120865,-0.0048726,-0.0157986,0.0020334,-0.0168717,-0.0169888,-0.002685,-0.0075502,-0.0104162,-0.0245263,-0.0025376,-0.0105966
2023-03-31,-0.0114967,-0.0079931,-0.0032007,0.0043366,-0.0255176,-0.0199009,-0.0162734,-0.0042773,-0.0042344,-0.0147266,-0.0010531,-0.0001466
2023-04-03,0.0165772,0.0180829,-0.0005172,0.0040613,0.0043924,0.0218257,0.0205639,0.0182875,0.0212445,0.0199,0.0031451,0.0103879
2023-04-04,-0.0161511,-0.01143,0.0140905,-0.0056541,-0.0242701,-0.0090937,0.0016625,-0.0111877,0.0038954,-0.0007801,-0.0032225,0.0009298
2023-04-05,0.0035914,-0.0025149,-0.0204556,0.0136617,-0.0060544,-0.015157,0.0088674,-0.002379,0.0155311,0.0007653,-0.0001228,0.003271
2023-04-06,-0.0128718,-0.009146,0.004754,-0.0118748,-0.0073435,-0.00824,-0.0243789,0.0002671,-0.001019,0.0063565,0.0001149,-0.0074601
2023-04-07,0.0417892,-0.0069395,-0.0111598,0.0051508,-0.0020962,0.0054455,-0.0082942,-0.0173337,-0.0046421,0.0071319,-8.03e-05,0.0059198
2023-04-10,-0.0240362,-0.0127439,-0.0322485,-0.0183394,-0.0312899,-0.0224233,-0.0027088,-0.031946,-0.0238057,0.0017239,-4.16e-05,-0.0007321
2023-04-11,-0.0372866,-0.0135813,0.0009124,-0.0160092,-0.0054519,-0.0057404,-0.0112971,-0.0100805,0.0024349,-0.004554,0.0038168,0.0022406
2023-04-12,0.047345,0.0145686,0.0251585,0.0009164,0.0317785,0.0145076,0.0273511,0.0196118,0.0163574,0.0157745,-0.0043106,0.0014959
2023-04-13,-0.0147259,-0.0092695,0.0037278,-0.0053355,-0.0119859,0.0020979,-0.0007398,-0.0077073,0.0230365,-0.0127275,0.0055254,1.37e-05
2023-04-14,0.0266293,0.0063063,0.0294775,-0.0032062,0.0209139,0.0125974,0.0179819,0.0057419,0.0137721,-0.0001195,-0.0020532,0.0011077
2023-04-17,-0.0020664,-0.0005624,-0.0153805,0.000866,0.0202482,0.0291092,-0.0018313,-0.0040131,0.0074524,0.0072139,-0.0041556,-0.0097036
2023-04-18,0.001719,0.0091083,0.0207749,-0.0006345,0.0129514,-0.00264,-0.012152,-0.0030743,0.0104727,0.0003017,-0.0013714,-3.76e-05
2023-04-19,-0.0032969,-0.0044283,-0.0020681,0.0003932,0.0041285,-0.0045161,-0.0077698,-0.0025396,0.0014774,-0.0192302,0.0042452,0.0065475
2023-04-20,0.0162004,0.0150134,0.0008709,0.0105435,0.0059438,0.0135133,0.0172867,0.004132,-0.0019989,0.0048467,-0.0028053,0.0011404
2023-04-21,-0.0159319,0.0069519,-0.0064036,0.0028256,-0.0182676,-0.0064846,0.0102295,-0.0116608,0.001864,0.0174922,0.0003426,0.0066233
2023-04-24,0.0072745,0.0082422,0.0141164,0.0019864,0.0208466,-0.0014246,0.0073255,0.0301217,0.0137265,0.0136214,0.0036397,-0.0049637
2023-04-25,-0.046754,0.0080263,-0.0295368,-0.0022459,-0.0243688,-0.028699,-0.0079623,-0.0021462,-0.015169,-0.0268277,0.0017596,0.0072704
2023-04-26,-0.0214477,0.0061406,0.0043801,-0.0143638,0.0112133,0.0022121,-0.0006777,0.0147585,0.0007062,0.0115956,0.0078787,0.0010751
2023-04-27,0.0114279,-0.0011414,0.0288065,-0.0077201,0.0002779,0.0039799,0.0033177,-0.0032694,0.0137994,0.0002278,-0.0067026,0.0063597
2023-04-28,0.0271196,-0.0016481,0.0252625,-0.0025543,-0.0056094,-0.0043661,0.0161448,0.0192498,0.011004,-0.0065267,0.002199,-0.0042018
2023-05-01,-0.0065058,-0.0145043,-0.0217451,-0.0089494,-0.0345181,-0.0262322,-0.0135628,-0.0244675,-0.0005229,0.0030791,-0.0032218,-0.0093881
2023-05-02,-0.0098261,0.0099389,-0.0195251,0.0013217,-0.0239424,-0.013737,-0.0031199,-0.0095103,0.0002524,-0.0029172,0.0007596,-0.0015324
2023-05-03,0.0153506,-0.0024867,0.0112053,-0.0029477,-0.00103,-0.0110899,-0.0180462,-0.0070281,-0.0006925,-0.0055545,0.0018987,-0.0041979
2023-05-04,-0.0283262,-0.0191644,0.0009923,-0.010153,-0.0093981,-0.0202189,-0.0155541,-0.0094169,0.0047506,-0.0150074,-0.0034811,-0.0020382
2023-05-05,0.0096295,0.0012096,0.0249139,-0.0112205,-0.0012793,0.0057767,-0.0003875,0.0097921,0.004772,0.0013401,0.0064608,-0.0035253
2023-05-08,0.0030915,0.0077921,-0.0075994,0.0029254,0.0149429,0.0068306,0.0109386,0.0008678,0.0010474,0.0200028,0.0007726,0.0053475
2023-05-09,-0.0326776,-0.0183529,-0.0025592,-0.007647,-0.0347914,-0.025977,-0.020803,-0.0028085,-0.0104444,-0.0190719,0.0018922,-0.0039158
2023-05-10,-0.0438437,-0.0155863,-0.0251121,-0.0088775,-0.0294538,-0.0133858,-0.0218262,-0.0275951,0.0057321,-0.0146624,-0.0022674,0.0017527
2023-05-11,0.0021551,-0.018771,-0.0211307,-0.0069823,-0.0185912,-0.0240405,-0.0216109,0.010454,-0.0178693,-0.0129461,0.0035667,-0.0050873
2023-05-12,-0.0077758,-0.008221,0.0082446,0.0015844,0.0124783,-0.0030466,0.0104359,0.0020824,-0.0057636,0.0042156,0.0008739,0.0012133
2023-05-15,0.0142984,0.0147697,0.0159208,0.0134602,0.0354204,0.0253538,0.0255702,0.0321585,0.0295967,0.0083546,-0.0055601,0.0045589
2023-05-16,0.0141938,-0.0138709,-0.0205429,-0.0015037,-0.0102089,0.0048931,-0.0037956,0.0049061,-0.0003507,0.0008082,-0.0031497,-0.0040164
2023-05-17,-0.0226985,-0.0048859,-0.0075509,0.0032771,-0.0092972,0.0175066,0.0112314,-0.0096341,-0.0193214,-0.0130817,0.000651,-0.0054566
2023-05-18,-0.01707,-0.0048361,-0.005736,0.0010822,-0.0252341,-0.0041508,-0.0059769,-0.0006675,0.0001752,-0.0180945,-0.006211,-0.0006797
2023-05-19,0.0074321,-0.015279,-0.0242243,-0.0032043,-0.0006362,-0.0032904,-0.019928,-0.0160319,-0.0152865,-0.0016137,0.0033273,-0.0063834
2023-05-22,-0.0344005,-0.0141368,-0.0242972,-0.014227,-0.0264328,-0.012643,-0.0227872,-0.0216096,-0.0249523,-0.0068889,0.0004581,-0.0029093
2023-05-23,0.0015586,-0.0039456,-0.0146678,-0.0009983,-0.0035328,0.0084617,-0.0070706,0.0077598,0.0129869,0.0053757,0.0022992,-0.0013669
2023-05-24,0.0171115,0.0107789,-0.0169676,0.0011337,-0.0017681,-0.0076389,0.0091776,0.014278,3.71e-05,0.0102609,0.0008767,0.0023307
2023-05-25,-0.0104902,0.0021633,0.0241773,-0.0174721,0.0039067,-0.0131025,0.0027468,0.0076125,-0.0073393,-0.0058521,0.0004838,-0.0001102
2023-05-26,0.0146715,0.0201267,-0.0112065,0.0018104,0.0226392,0.0104622,0.0122019,0.0107487,0.0221406,0.0147383,-0.0051755,-0.00238
2023-05-29,-0.0025449,0.000288,0.0162819,4.6e-06,0.0162477,0.0184125,-0.0045587,0.0040069,0.0133952,0.0034479,0.0010295,-0.001627
2023-05-30,-0.0070639,0.0011836,0.0154616,-0.0082016,-0.001314,0.0158045,-0.0017612,0.0017101,0.0090041,0.0051035,-0.0002064,-0.0009625
2023-05-31,0.026387,-0.0034633,-0.016425,0.0110488,0.0193279,-0.0032963,0.0120122,0.0096325,0.003355,0.0045056,0.0052767,0.0047096
2023-06-01,0.0143414,0.0082055,-0.0041423,-6.02e-05,0.004837,-0.0025747,0.0092545,0.0184594,0.0035232,-0.003734,-0.0025239,0.0086254
2023-06-02,0.0073246,-0.0003302,-0.0116915,0.0013972,0.0261504,0.0220516,0.0163901,0.0038312,0.0192437,0.0058084,0.0010007,0.012676
2023-06-05,-0.0115287,-0.0171008,0.0231281,-0.0039042,-0.0096595,-0.0207539,-0.0019359,0.0046283,-0.0026496,0.0056108,3.38e-05,0.0050286
2023-06-06,-0.0163388,-0.0039547,-0.0487092,-0.0182799,-0.0149191,-0.0164269,-0.0293502,-0.0209399,-0.0068116,-0.0027971,0.0035696,-0.0036696
2023-06-07,0.0090742,0.0011281,0.0330924,-0.001987,0.0029253,0.0005448,0.0136386,-0.0036724,0.0121443,0.0012006,-0.0009967,-0.0089172
2023-06-08,-0.0066049,0.008969,-0.0160578,-0.0246006,-0.0024093,-0.0150147,-0.0190361,-0.0112002,-0.0191414,0.0062567,0.0015988,0.0019213
2023-06-09,-0.0074658,-0.0009096,-0.0088206,0.0023223,-0.0226236,-0.0001645,0.0075698,0.0190256,0.0093362,0.0012803,-0.00487,0.0007058
2023-06-12,-0.0047136,0.0060335,0.0131482,0.0046406,0.0279542,0.0128819,0.0071836,0.011272,0.0049112,0.0197119,-0.0059115,0.0010975
2023-06-13,-0.0013543,-0.0160418,-0.0054083,-0.0041909,-0.0154001,-0.0251783,-0.0109771,-0.0170395,-0.0056948,-0.0195002,0.0028289,0.0008313
2023-06-14,0.027506,0.0020167,-0.0038016,0.010221,-0.0019175,-0.0003448,0.0053109,-0.005105,0.0224617,0.0132082,-0.0070883,-0.0083288
2023-06-15,0.0034247,0.011372,0.0201889,0.0149821,0.0138628,-0.0004778,0.0126996,-0.003462,-0.0016659,-0.0083433,-0.0034622,-0.0009226
2023-06-16,-0.0014383,0.0176167,0.0059772,0.0047106,0.007182,0.0183353,-0.0025416,0.0131749,-0.0057632,0.0017186,0.001202,-0.0052454
2023-06-19,0.0089534,0.0088577,0.0191339,0.0028778,0.0418561,0.0269103,-0.0053667,0.0126799,0.0154213,0.0099454,0.0032114,-0.010896
2023-06-20,-0.0189516,0.0083937,0.0145977,0.0162046,0.0123973,-0.0150722,0.0032105,-0.0077286,-0.0011842,-0.0021184,-0.0007415,-0.0031869
2023-06-21,0.0020949,-0.010041,-0.0036259,0.0011838,-0.0125678,-0.0083675,0.0018394,-0.0259469,-0.0129184,-0.0157931,0.0015237,0.0111771
2023-06-22,-0.0028215,0.0179508,0.0329736,-0.0124544,-0.0018069,0.0095494,0.0030141,0.0136841,0.0239357,0.0126679,-0.0014453,0.0047772
2023-06-23,0.0136168,-0.0045017,-0.0025693,0.0066994,0.0077514,0.009663,0.0139956,-0.0199226,0.0226678,-0.0123462,-0.0005021,0.0022215
2023-06-26,0.0153261,0.0125011,0.0048098,-4e-06,0.0147994,0.0144199,0.0088036,0.0176581,0.0015719,0.0033241,-0.0019512,0.0048918
2023-06-27,-0.001148,0.0045518,0.0275441,-0.0028403,0.0160881,-0.0094286,0.0069473,-9.72e-05,0.0255,-0.0031699,-0.0025497,0.0052916
2023-06-28,0.0251235,0.0133744,-0.0226936,0.0096446,0.0171883,0.0156215,0.0103321,0.0309166,0.0128406,0.0075998,-0.0061716,0.0022991
2023-06-29,-0.0174196,0.0081897,0.0004437,-0.0059987,-0.0048537,0.0101577,-0.0020198,-0.0032765,0.0184488,0.001441,0.0030761,-0.0022818
2023-06-30,-0.0177477,-0.0022918,-0.0121807,-0.0015931,-0.0122936,-0.009598,-0.0119389,-0.0258026,0.0059331,-0.011845,-0.0024122,-0.0018572
2023-07-03,-0.0331048,-0.0068446,-0.0110309,-0.0129522,-0.0315544,-0.0128356,-0.026038,-0.0362684,-0.0353678,-0.0062121,-0.002516,-0.00965
2023-07-04,-0.0045234,-0.0029541,-0.0305729,-0.0093871,-0.002096,-0.0081593,-0.0148684,-0.0101127,-0.0044298,-0.0165565,-0.0018435,0.0028164
2023-07-05,0.0323449,0.0133278,0.004474,-0.0021779,0.0097943,0.0166315,0.0175266,0.0078524,0.0109159,-0.0079281,-0.0011353,0.008314
2023-07-06,-0.0195337,-0.0086256,-0.0011265,0.0003917,-0.0150842,-0.0181549,-0.0313352,-0.0280981,-0.0154859,-0.0026542,0.0021823,0.0022437
2023-07-07,-0.0211127,-0.0182608,0.0043294,0.0120038,-0.0028407,-0.0088454,0.0019006,0.0110112,-0.0174946,-0.0058698,0.0035588,0.0001498
2023-07-10,0.0152817,0.0141782,0.0064703,-0.003035,0.0267416,0.0078709,0.0201078,0.010446,0.0216305,0.0094354,-0.0028166,-0.0029743
2023-07-11,0.0130682,0.0027804,-0.0051417,0.0064203,0.0186076,0.0221893,0.0095895,0.0106186,-0.0041329,-0.0011071,0.0026427,-0.00051
2023-07-12,0.0446242,0.0041,0.0148219,0.0056233,0.0131796,0.0136811,0.0164434,0.0197955,0.0133968,0.0199531,0.0057409,0.0070267
2023-07-13,-0.0066904,-0.0161687,-0.0190667,-0.0172303,-0.0056468,-0.0216617,-0.0048897,-0.0184759,-0.0038415,-0.0012699,-0.0044382,-0.0056094
2023-07-14,-0.0247788,-0.0162318,-0.0122322,-0.0124761,-0.0277576,-0.0064017,-0.0232806,-0.0154501,-0.0226435,-0.0280163,0.0040604,-0.0023769
2023-07-17,0.0308356,0.0048513,0.0037826,-0.0107088,0.0230456,0.021176,0.0102117,0.0103943,0.0099616,0.0233837,0.0013673,0.0083847
2023-07-18,-0.0186393,-0.0151766,0.003115,-0.0185913,-0.0099715,-0.0239061,-0.00834,-0.0084827,-0.0212872,-0.0064823,-0.0017678,-0.0076427
2023-07-19,-0.0035935,-0.0055617,0.016467,0.0168369,0.0014844,0.0010636,0.0065274,-0.002664,0.0059015,-0.015981,-0.0019997,-0.0069226
2023-07-20,-0.0216643,0.0090293,-0.0030406,0.0132049,0.0182129,0.0016076,-0.0010574,-0.006401,-0.0257607,-0.0033784,-0.0008921,-0.0026799
2023-07-21,-0.0237601,-0.0086792,-0.0159497,-0.0027679,-0.0203771,0.0079797,-0.0056087,-0.0115191,-0.0165342,-0.0143089,0.0034368,-0.0038366
2023-07-24,0.0195354,0.0154374,0.0064321,0.0082238,-0.0016316,0.0057896,0.0009012,0.0108625,0.0076284,0.0248283,-0.0037909,0.0037296
2023-07-25,0.0240837,0.0231431,0.0221515,0.0119394,0.0356776,-0.0005476,0.010986,0.0110313,0.011476,0.0036004,0.001692,0.0001472
2023-07-26,-0.001807,0.0075843,-0.007123,-0.0061957,-0.0072464,0.0037421,0.0128774,0.0140262,0.0090959,0.0040851,-0.0021757,0.0004999
2023-07-27,-0.0163094,0.0003946,0.0146243,-0.0131028,0.0131443,-0.0192564,-0.0065375,-0.0129335,-0.0087638,-0.0036404,0.0037871,-0.0048938
2023-07-28,-0.0098654,-0.0050285,-0.0080179,-0.0045889,-0.011703,0.0037201,0.0004598,0.012466,0.0148894,-0.0130005,0.0044981,0.00252
2023-07-31,0.002585,-0.0102686,-0.0018987,-0.0003613,0.0014941,-0.0154829,-0.0160299,-0.0144584,0.005927,0.0065286,-0.0021867,9.82e-05
2023-08-01,-0.0034895,-0.0043517,0.0053055,0.0134255,0.0035035,-0.0061454,-0.0073858,0.0030333,0.0008871,0.0085227,0.0045425,0.0006662
2023-08-02,0.0067487,0.0121836,0.0193272,-0.0074369,-0.0154688,-0.0126388,-0.0143773,0.0033065,-0.0148998,0.0054731,-0.0021819,0.0042143
2023-08-03,-0.0019495,-0.0059171,-0.0017855,-0.0135474,-0.034541,-0.0124876,-0.005487,-0.023657,0.0001931,-7.51e-05,0.0012763,-0.0006539
2023-08-04,0.0088925,0.0074162,-0.0127135,0.0114458,0.0129132,0.012287,0.0025084,-0.0087214,0.0203199,-0.0082113,-0.0018184,0.0010119
2023-08-07,-0.0143489,-0.0095274,-0.015737,-0.0172831,-0.0187334,-0.0138871,-0.0107095,-0.0122132,0.0008597,-0.0015024,-0.0023402,-0.0027455
2023-08-08,-9.69e-05,-0.0083232,0.0185528,-0.0064253,-0.0183724,-0.0197809,-0.0084773,-0.0102722,-0.0082845,-0.0225505,0.0005501,0.00427
2023-08-09,-0.0356399,-0.0138484,-0.0333597,-0.0156609,-0.0109553,-0.0139968,-0.0161508,0.0035115,-0.0181077,-0.0136853,0.0028695,0.0021507
2023-08-10,0.018525,-0.0033097,-0.008349,0.0050671,0.0111854,0.0089219,0.0091691,0.0029352,0.0111159,0.0088598,-0.0029809,-0.0047451
2023-08-11,0.0124113,0.0025196,-0.0157343,0.0091943,0.0130379,0.0192402,0.007088,0.0084144,-0.0101266,0.0171163,0.0012803,0.0056861
2023-08-14,0.0046721,0.0043127,0.0112539,-0.0033456,-0.0006832,0.023364,0.0088114,-0.0015258,-0.0109794,-0.0065751,0.0005131,-0.0031637
2023-08-15,0.0216149,0.0215476,0.034744,0.0218587,0.0242367,0.0205518,0.0320965,0.0238438,0.0329564,0.0135307,-0.0067717,0.0025745
2023-08-16,-0.0084263,0.0029944,0.0166625,0.0041752,0.0094903,-0.0025195,0.0035818,0.0049526,0.0102922,0.0279998,-0.0028696,0.006207
2023-08-17,-0.0261184,-0.0162535,-0.0416231,-0.0100126,0.0004837,-0.0086756,-0.0004818,-0.0153742,0.0042461,-0.0107167,0.003694,0.0055701
2023-08-18,0.0292714,0.0102594,0.0555156,0.0037943,0.0238646,0.021481,0.0335306,0.0343388,0.0286694,0.0135729,-0.0031638,0.0090885
2023-08-21,0.0102698,-0.0178051,0.0101248,0.0037923,-0.0031702,-0.0143077,-0.0086492,-0.0049819,-0.0146275,0.004931,-0.000313,0.0052814
2023-08-22,-0.0093655,-0.0048317,-0.0226228,0.0088662,-0.0001346,0.0002373,0.0148146,0.0275455,-0.0020458,0.0169415,0.0009877,0.0015563
2023-08-23,-0.0061056,-0.0055393,0.00814,0.0040881,0.0014897,-0.0017178,-0.0025462,0.011454,0.0136464,0.0109258,0.0012431,-0.0010002
2023-08-24,0.0101728,-0.0154255,-0.0001254,-0.0066552,-0.0208789,-0.0134191,-0.0048056,0.0033672,-0.0033958,-0.0311834,0.003244,-0.0115754
2023-08-25,0.0419119,0.0127086,0.016082,0.0135729,0.0129471,0.0106465,0.0111253,0.0155083,0.0122636,0.0105495,-0.0111765,0.002403
2023-08-28,-0.0159379,0.0243598,0.0159939,0.0088155,0.0092089,0.0093361,-0.0032735,0.012464,0.0126177,0.0038412,0.0021261,0.0056672
2023-08-29,0.0074238,-0.004569,0.0186527,0.0144128,-0.0055149,0.0156864,0.007731,0.0127843,0.0143222,-0.0057792,0.0004897,0.0059454
2023-08-30,0.0105544,0.0013302,-0.0219203,-0.000976,-0.0095542,-0.0052437,0.0016357,-0.0224554,0.0006404,4.82e-05,-0.0020271,0.0039306
2023-08-31,0.0086325,0.0106739,-0.0286011,0.0142079,0.0120263,0.0093783,0.0242377,-0.0086456,0.0205278,0.0174281,-0.00709,0.0039204
2023-09-01,-0.0149233,-0.015561,-0.0296155,0.0023879,0.0030546,-0.0173609,-0.0158594,0.0007732,0.0207502,-0.0188962,-0.0033338,-0.0067443
2023-09-04,-0.0350262,-0.0051249,-0.0347444,0.0108379,-0.0143584,-0.006683,-0.013026,-0.0296965,-0.0302194,-0.0019846,0.0057332,-0.0014366
2023-09-05,0.0178149,0.0121991,0.018022,-0.0049214,0.0170596,0.0133814,0.0006468,-0.0166724,0.0088032,-0.0097348,-0.0084378,-0.0052634
2023-09-06,-0.0021578,-0.003978,-0.0031329,0.0121705,0.001317,0.0104099,-0.0027696,0.0082683,0.0150387,0.0157652,-4.29e-05,-0.0065233
2023-09-07,0.0017235,0.0113469,0.0263669,0.0013574,0.0049396,0.01513,0.0018409,0.0084132,0.0113497,-0.0015943,-0.0024822,0.01197
2023-09-08,0.0158836,0.0065106,0.0149232,0.0091691,0.0249121,0.0148051,0.0233125,0.0395066,0.0118073,0.0121836,0.0025722,-0.0008811
2023-09-11,-0.0017665,0.003208,0.0093952,0.0120158,-0.0044103,0.004505,0.0026996,-0.007087,-0.0057787,0.0139022,-0.0006443,0.0031068
2023-09-12,0.0162737,0.008523,0.0133013,0.0182527,0.0146616,-0.0187785,0.0108702,0.0178337,0.0111005,-0.0015535,-0.0036577,0.0015553
2023-09-13,0.0224242,0.0156605,-0.0201844,0.0071861,0.0260699,0.0170424,0.0309091,0.0026489,-0.0054878,0.0147863,0.0038037,-0.0026548
2023-09-14,-0.0077767,-0.0040869,-0.0005232,0.0074949,0.0175932,-0.0115042,-0.0097733,-0.024889,0.0034339,-0.0146223,0.0013155,0.0008238
2023-09-15,0.0272965,0.0054357,-0.0007166,-0.0020594,0.0193239,0.0040024,0.0080382,0.0165804,0.0214293,0.0153272,-0.0049378,-0.0036544
2023-09-18,0.0185825,0.0135045,0.01554,0.0152397,0.0292175,0.0096908,0.0126073,0.0240027,0.0192828,-0.002345,-0.0049438,-0.0061674
2023-09-19,0.0093134,0.0009624,-0.0039549,-0.0093823,0.0081846,-0.0065991,-0.0016163,0.0033897,0.0115032,0.0048993,0.0014977,0.0011952
2023-09-20,-0.007884,-0.0046674,-0.0173264,-0.0006106,0.0104424,0.0048895,0.0033692,0.002121,0.0009137,-0.0003607,-0.0029427,-0.0057277
2023-09-21,-0.0576153,-0.0230294,-0.048596,-0.0101309,-0.0532456,-0.0363308,-0.0454328,-0.0300793,-0.0078237,-0.0338004,0.0047828,-0.0114606
2023-09-22,0.0161156,0.0176774,-0.0033565,0.0102221,0.0053093,-0.0011705,0.0025777,0.0189379,0.009475,0.0028229,-0.0008844,-0.0017154
2023-09-25,0.0103241,0.0182198,-0.0016765,-0.007653,0.0058103,0.0061799,0.0095402,-0.012587,0.0045529,-0.0067446,0.0042916,0.0038969
2023-09-26,-0.0064726,-0.013031,0.0273222,-0.0024888,0.0059706,-0.0201123,-0.0026303,0.0053875,-0.0276565,0.000467,0.0044619,-0.0075984
2023-09-27,0.0081871,0.0032827,-0.0025368,-0.0017066,-0.0002713,0.0005399,0.0073748,0.0088186,-0.0088843,-0.0005456,-0.0002925,0.007243
2023-09-28,0.01935,0.0017103,0.0043313,-0.0100728,0.0041993,-0.0140221,-0.0002744,-0.0122014,-0.0064097,0.0029744,0.0005372,0.0064546
2023-09-29,0.005663,-0.0027237,0.0120716,-0.0123393,0.020072,-0.0168027,0.0070365,0.008197,-0.0049359,-0.002683,-0.0045342,0.00092
2023-10-02,-0.0107394,-0.0166217,-0.008513,-0.0005619,-0.0240522,-0.0057828,-0.0115694,-0.0141973,-0.003252,-0.0061591,-0.0005243,-0.0059718
2023-10-03,-0.0145401,-0.003245,-0.0122466,-0.0089499,-0.0154171,-0.0233349,-0.0061465,0.0011416,0.0070192,-0.0009687,-0.0004096,-0.0035701
2023-10-04,-0.0004818,0.0060366,0.0246712,-0.0177495,0.0085404,0.005642,0.0056752,0.0110133,-0.0069054,0.0104633,0.0006986,-0.0002414
2023-10-05,0.0012539,-0.003215,0.0016111,0.0047974,-0.0120513,-0.0022183,-0.0029267,0.000174,-0.002687,-0.0150959,0.0014143,0.0055729
2023-10-06,-0.007185,0.0020055,-0.0101791,0.0020356,-0.0004307,0.0108695,-0.0029611,0.0083864,-0.0070496,-0.0039453,0.0003007,-0.0072598
2023-10-09,-0.0092067,0.0074988,-0.009818,-0.0098925,-0.0126123,0.0022859,-0.0027246,0.0019897,-0.0301918,-0.0061675,-0.0024022,0.0036799
2023-10-10,0.0160811,0.0079977,-0.0287016,0.00802,0.0168198,-0.0033327,0.005861,0.0084042,-0.001762,0.0033219,-0.0027812,0.0013724
2023-10-11,-0.0015047,0.0017904,0.0295171,-0.0083703,0.0125249,0.0010652,0.0001493,-0.0238129,0.0109219,-0.0102066,-0.0027798,-0.0013011
2023-10-12,-0.0023839,-0.0061387,0.0239619,0.0057273,0.0266205,-0.0050279,-0.0045785,0.0235043,-0.0131104,0.0034089,-0.000924,-0.0008801
2023-10-13,-0.0148252,-0.0036352,0.033559,0.0023742,0.018807,-0.0028913,0.0036344,0.0100018,0.0094066,7.37e-05,0.0001485,0.0056559
2023-10-16,0.0158291,-0.0067861,-0.0004701,-0.0047458,-0.0065676,0.0158643,0.0175277,0.0008355,0.0041585,0.0233479,-0.0011948,0.0015738
2023-10-17,-0.0017204,0.0061006,0.0027918,0.0065418,-0.0150538,0.0032819,-0.0057288,-0.0140145,0.002398,0.0196177,0.0014039,0.0038705
2023-10-18,0.0067411,-0.0060819,0.0167512,-0.0044617,0.0070786,0.024765,-0.0055331,0.0122742,0.0125179,0.0079331,-0.0022913,0.0026078
2023-10-19,-0.0038735,0.0174452,0.0091363,0.0131865,0.0047698,0.0138729,0.011814,-0.0061297,0.0234211,0.0281126,0.0028013,-0.0047446
2023-10-20,-0.008808,-0.0169024,-0.0116891,0.0146562,0.0125387,-0.0069334,-0.0082957,-0.0058874,0.0135132,0.0053786,0.0046201,-0.0025756
2023-10-23,-0.0034376,-0.0095104,-0.0077264,-0.0040184,-0.0075713,0.0013849,-0.0081536,-0.0060145,-0.0133906,0.0081929,0.0058987,0.0082828
2023-10-24,0.0157212,0.0027458,-0.0108288,-0.0063809,0.0041199,-0.006884,0.0097552,0.0070376,-0.0115833,0.0008011,0.0024637,0.0063204
2023-10-25,0.0141618,0.012185,0.0144278,0.0004589,0.0121225,0.0097129,0.0047449,0.0121996,0.0075305,0.0092561,-0.0004708,0.0020302
2023-10-26,-0.0349728,0.0102663,0.0013834,-0.0003294,0.0072055,-0.0002345,-0.0067606,-0.0026788,0.0109089,-0.0034673,-0.0025405,-0.0087443
2023-10-27,0.0196401,-0.0007636,0.0100198,0.0002109,0.0063994,-0.0059277,0.0046498,-0.0240742,-0.0017256,-0.0108488,0.0003159,0.0008896
2023-10-30,-6.55e-05,0.0019418,-0.0267412,-0.0076248,-0.0005006,0.0046559,0.002956,-0.0179787,0.0157519,-9.1e-05,0.005045,0.0034877
2023-10-31,0.0076477,-0.0010516,-0.0137049,-0.0043353,0.0023817,-0.0085429,-0.0207635,-0.0062977,-0.0021674,0.0003534,0.00301,0.0080629
2023-11-01,-0.0259782,0.0090549,0.0053616,-0.0022799,-0.0200562,-0.0045011,-0.0015615,-0.0064276,-0.0098797,-0.0087416,-0.00151,0.0018394
2023-11-02,-0.0108629,-0.00498,-0.0280397,0.0044383,0.0088904,-0.0127985,-0.0068896,-0.0303388,0.0145751,-0.003587,0.0054585,-0.0016658
2023-11-03,-0.0331516,-0.0050933,-0.0112878,0.0029842,-0.0202753,-0.0361034,-0.0115992,-0.01474,-0.0004232,-0.0140503,0.000185,-0.0038433
2023-11-06,-0.0275712,-0.0080791,-0.0200803,-0.0098885,-0.023549,-0.0162468,-0.0038263,-0.0180255,-0.0195791,-0.0081426,0.0041451,-0.00296
2023-11-07,-0.0016376,-6.47e-05,0.0058009,-0.0005203,-0.0204946,-0.006233,-0.011053,0.0021771,0.009734,-0.0068028,0.0030403,0.0005825
2023-11-08,-0.0092209,0.0064548,-0.0130576,-0.0074356,-0.0145959,0.0044763,-0.0112086,-0.0140156,0.007746,-9.49e-05,0.000296,-0.0049834
2023-11-09,-0.0031384,-0.0130035,-0.0025377,-0.000908,-0.0062583,-0.0029421,-0.0008324,-0.0256098,-0.0159522,0.0032651,0.0002827,0.0028758
2023-11-10,0.026585,0.0151243,0.0193098,0.0024458,0.0167646,-0.001467,0.0052954,0.0010484,-0.0019851,-0.0039908,0.0011038,-0.0061803
2023-11-13,-0.0265018,0.0062671,0.0044978,0.0058535,-0.002749,0.002777,-0.0055194,-0.0075613,-0.0138011,0.0147999,-0.0024445,0.0069173
2023-11-14,-0.0237716,-0.0131942,0.0118873,0.0017445,-0.0033542,-0.0143127,-5.74e-05,-0.0168409,-0.00228,-0.0105343,0.0055202,0.000443
2023-11-15,0.0088342,-0.0072182,-0.0187213,-0.0134016,-0.0049121,0.0041397,-0.0032315,-0.015112,-0.0106509,-0.0081138,0.00084,0.0018134
2023-11-16,-0.0114877,-0.0036615,-0.0045352,-0.0123298,-0.0110888,-0.018624,-0.010655,-0.0064078,-0.0176436,-0.0182423,0.0019695,-0.0027432
2023-11-17,0.0129193,-0.0069369,0.0238846,0.0044955,-0.0170609,-0.0072745,-0.0017073,-0.0031741,-0.0113132,-0.0169399,-0.0005159,-0.0013431
2023-11-20,0.0051898,-0.0003832,-0.019376,0.0053465,-0.0079203,0.0067154,-0.0056393,-0.0081814,-0.0016075,0.0056562,0.0011897,-0.0063132
2023-11-21,0.0324561,0.0076056,-0.0067269,-0.0065594,0.0318028,0.0282961,0.0122957,0.0132038,0.0126662,-0.0010736,-0.0010458,0.0058768
2023-11-22,0.0135518,0.0140732,0.0086774,0.0142827,0.0080913,0.0101564,0.0262424,0.0176037,0.0396061,0.0159702,0.0021091,0.006151
2023-11-23,0.0085942,0.0191704,-0.001113,-0.0067433,0.0208668,0.0224353,0.0242589,0.0196388,0.0112977,0.0078987,0.0002833,0.0076719
2023-11-24,0.0258855,0.0216279,0.0392569,0.0179299,0.0355119,0.0264845,0.0340575,0.0111486,0.0358553,0.0134177,-0.0065035,0.0048353
2023-11-27,-0.0101929,-0.0205235,-0.0119957,-0.0219215,0.0044504,-0.0129955,-0.0122952,-0.001403,-0.0095292,-0.0183139,-0.0043445,0.0006655
2023-11-28,0.0187843,0.0017654,-0.0254427,0.0053967,0.0077541,0.0118029,0.000792,-0.0167147,-0.0006022,0.0110539,0.0026144,-0.000187
2023-11-29,0.0023692,-0.0084754,0.0264748,-0.0003672,0.0015345,-0.0006105,0.0046551,0.0124051,0.0019742,0.0166633,0.0013468,0.0032837
2023-11-30,0.0227344,-0.0059897,0.0068015,0.0082329,0.0141366,0.0009046,-0.0042694,-0.0160498,0.009556,0.0022808,-0.0008126,0.0018372
2023-12-01,0.0254663,0.0129043,0.0332084,-0.0018426,0.012526,0.0082105,0.0188543,0.0285328,0.0087075,0.0143073,0.0008415,0.0125091
2023-12-04,0.0420447,0.0163033,0.0016406,-0.0091641,0.0226961,0.024374,0.0223809,0.0476603,0.0062728,0.0102279,-0.0091476,0.0105298
2023-12-05,0.0045895,-0.0066512,0.0070384,0.015479,0.0315261,0.007011,0.0145885,0.0051583,0.005531,0.0014695,0.0038619,-0.0012076
2023-12-06,-0.017668,-0.0039291,-0.0034818,0.0040778,0.0018722,0.0078497,0.0081189,0.0024188,0.0129009,-0.004095,-0.0035175,0.005656
2023-12-07,-0.0124743,-0.0322606,-0.0187531,-0.0001241,0.0029864,-0.0040254,-0.008918,0.0002472,0.0023786,0.0034185,-0.0020669,-0.0026339
2023-12-08,-0.0325022,-0.0008774,-0.0222984,-0.0123769,0.0064281,-0.019343,-0.0143996,-0.0114173,-0.0111413,0.0031751,0.0030536,-0.0068626
2023-12-11,0.0187043,0.0030101,-0.0025563,0.0073174,0.0123437,0.007585,0.0004594,0.0077178,-0.0081012,0.0107318,-0.001481,0.0008827
2023-12-12,0.0077903,-0.0026988,0.0059328,-0.0060625,0.0020556,0.0072844,-0.0148751,-0.0062215,0.0001401,-0.0021916,0.0015017,0.0049469
2023-12-13,-0.0151531,-0.007684,-0.0078686,0.0021568,-0.0070505,0.0009298,-0.0054763,-0.0204903,-0.0080012,0.0003117,0.0018371,-0.0154672
2023-12-14,0.0213537,0.0020341,0.0027117,0.0019429,-0.0094877,-0.0008237,-0.0040817,-0.0106769,0.000494,0.0027588,0.0035132,0.001029
2023-12-15,0.0027745,0.0071997,0.020248,0.0091889,0.0021084,0.0043603,0.0014884,0.0277212,0.0141865,0.013133,-0.0030796,0.0025248
2023-12-18,0.0297408,-0.0025555,0.0078447,-0.0110048,0.0417861,0.0109577,0.0057316,0.0197552,0.0034825,0.011725,-0.0020674,0.0073258
2023-12-19,-0.0090059,0.0003084,-0.017056,0.0011839,-0.0016381,-0.0114017,0.0127187,-0.002945,-0.0005114,0.0079748,-0.0024646,-0.0050293
2023-12-20,-0.0109734,0.0063196,-0.0181128,0.0195914,0.0002581,0.0014621,0.001176,-0.0092784,-0.0019396,-0.0064437,0.0003045,-0.0013735
2023-12-21,0.0192418,0.0017782,0.0009264,-0.0007638,-0.0066076,-0.0073196,-0.00124,0.0145083,0.0061675,-0.004889,-0.0020175,-0.0011505
2023-12-22,0.016056,0.0094357,-0.004172,-0.0036858,0.0076673,-0.0045002,9.61e-05,0.0200607,-0.0052551,0.0024601,4.33e-05,0.0047009
2023-12-25,-0.0102193,-0.0205461,-0.0281598,-4.18e-05,-0.0127941,-0.0142594,-0.0216793,-0.0085023,-0.0141262,-0.0006224,0.0023555,-0.0063436
2023-12-26,-0.0053724,0.0022154,0.014152,0.0089887,-0.0098267,0.0197481,0.0104241,0.0049424,-0.0149396,-0.0038018,0.0027928,0.0020541
2023-12-27,0.0281305,0.0147809,0.0140424,0.0063795,0.0338149,0.0276161,0.0268709,0.019558,0.0223499,0.0271107,0.0005975,0.0107619
2023-12-28,-0.0071847,-0.0090338,0.0211108,0.0024846,-0.0271124,0.0145275,0.0167512,0.0122706,0.0086353,-0.0081139,0.0026788,0.0134779
2023-12-29,0.0165179,-0.0112822,-0.0118534,0.0007116,-0.0270695,-0.0172521,-0.0089976,-0.010917,-0.0171244,-0.009087,-0.0018619,-0.0044908
2024-01-01,0.0164723,-0.0041684,-0.0103096,-0.0025577,-0.0104012,0.007354,-0.0104384,-0.0091653,0.0041384,-0.016741,0.0047467,0.0065852
2024-01-02,-0.0198897,-0.0041772,-0.0125051,-0.0016383,-0.0067087,0.0042277,-0.0154564,0.0100118,-0.0005386,0.0045609,0.0023679,-0.0012632
2024-01-03,0.0085258,-0.019116,-0.036486,0.0116521,-0.0400268,-0.0070952,-0.0230582,-0.0197689,-0.034453,-0.0122287,-0.0019338,-0.0037536
2024-01-04,0.0144992,-0.006308,0.0226881,0.0102527,-0.0140249,0.0020696,0.0008531,0.0475259,0.0058384,-0.0082458,0.0001289,-0.004637
2024-01-05,-0.0082974,0.0112642,0.0008352,0.0015337,0.0131406,0.0189425,0.0036037,-0.0114191,0.0004289,0.0037122,-0.0002453,0.0035082
2024-01-08,-0.017169,0.0095714,0.0016554,-0.0153756,-0.0066427,0.0008995,-0.0033043,0.0115862,-0.016885,-0.017805,0.0036079,-0.0032012
2024-01-09,-0.029321,-0.0098437,-0.0367789,-0.0188858,-0.034491,-0.0120694,-0.02207,-0.0293596,-0.0405429,-0.006121,-0.0009512,-0.0009993
2024-01-10,-0.0203922,-0.0079834,-0.0245332,-0.0022118,-0.0355897,-0.0181112,-0.0086372,0.0045857,-0.0045048,-0.0137511,-0.0004509,-0.0020292
2024-01-11,-0.0133833,0.0096189,0.0345599,-0.0033064,-0.0211495,-0.0052163,0.0001174,-0.0047439,0.0157825,0.0103394,-0.0024745,0.0060729
2024-01-12,0.0229672,-0.0135424,-0.0036651,0.0013102,0.0159435,-0.0132838,-0.0021082,-0.0075587,-0.009655,-0.0014325,0.0024629,0.0031382
2024-01-15,0.0262817,0.0013127,0.00921,0.0071805,0.0234934,-0.0014528,0.0071386,-0.004162,0.0102647,-0.0096156,-0.004107,0.0015895
2024-01-16,0.004281,0.0146607,0.0015026,-0.0122103,0.0098015,0.0236982,0.0183845,0.0218356,-0.0192631,0.0046701,0.0004452,0.0018934
2024-01-17,0.0068526,0.0010808,-0.0126209,0.0064329,0.0123906,0.0040111,0.0015829,-0.0170315,-0.0007806,0.0005792,-0.0024426,-0.0021821
2024-01-18,-0.0024521,0.0133839,-0.0118876,0.0036725,0.0051905,0.0092785,0.004345,-0.0053574,0.0067193,0.0203315,0.0011201,0.0058725
2024-01-19,-0.0220379,0.0131965,0.0178228,-0.0013007,0.0062603,0.0143191,-0.0018435,-0.0137754,0.0084114,-0.0028152,0.0018715,-0.00171
2024-01-22,-0.0254769,-0.0080417,0.0033375,-0.0106977,0.0119065,-0.0221172,-0.0118011,-0.0019413,-0.0017372,0.0042355,0.0011721,0.0065967
2024-01-23,-0.0087739,0.0026254,-0.0133757,0.0083008,-0.0043122,-0.0045631,-0.0025088,-0.0127079,-0.0060748,-0.0155258,-0.0004749,-0.0007596
2024-01-24,0.0203575,0.0041605,-0.0112691,0.0036602,0.0049154,0.0009458,0.02286,0.0070523,0.0406848,0.0027631,-0.0039589,0.0008526
2024-01-25,-0.022693,-0.0024467,-0.0186846,-0.0037454,-0.0025406,-0.0098055,-0.0087623,-0.0168067,0.0026303,0.0090197,0.0006649,-0.0064214
2024-01-26,0.0161064,0.0231206,0.0086001,0.0165029,0.0045117,0.0094643,0.0196293,0.0151207,0.0047544,0.0229029,-0.0009521,0.0031205
2024-01-29,0.0155331,0.005255,0.0183131,0.0164821,0.0159616,0.0249373,0.0086465,0.0177342,0.0199027,0.0139557,-0.0017377,-0.0057439
2024-01-30,-0.0006748,0.0075217,0.0108626,-0.0003147,0.0152319,-0.0084692,0.0037982,0.0195841,0.018672,0.0181557,-0.0034482,-0.0015852
2024-01-31,0.0059366,0.0086197,-0.0161982,0.0037339,-0.0049489,0.0019787,-0.0093833,0.010129,-0.0191263,0.0054386,-0.0037301,-0.0030173
2024-02-01,-0.008683,-0.0089455,-0.0341416,-0.0243061,-0.0130149,-0.0105448,-0.0255725,0.0062328,-0.0011787,-0.0214546,0.004314,-0.0090185
2024-02-02,0.0492613,0.0324343,0.0522277,-0.0002144,0.023153,0.0105568,0.0165003,0.0472826,0.0208922,0.0123941,-0.0027098,0.0009832
2024-02-05,0.0052862,0.0119613,0.00493,0.0011356,0.0094908,0.0101634,0.0086446,0.0044024,0.0032734,0.0101989,-0.0018009,0.0010983
2024-02-06,-0.0061498,0.0005105,0.0100999,-0.0134461,0.0044351,0.0075214,0.001978,-0.00515,0.012445,0.0098993,-0.0026716,0.002555
2024-02-07,0.0040977,-0.0161146,0.0058112,-0.0106703,0.0014215,-0.012174,0.0045484,0.0274022,-0.0065254,-0.0078977,-0.004696,-0.0046146
2024-02-08,0.0192439,0.0037816,-0.0233958,5e-06,0.0014487,0.0096744,0.0007554,0.0090746,0.0025651,-0.0121897,-0.0034079,0.007029
2024-02-09,-0.0029001,-0.0039728,-0.0071196,-0.0154097,-0.0096015,-0.0018461,-0.0009792,0.0053683,-0.0006663,0.0015413,-0.0008005,0.005382
2024-02-12,-0.0084457,0.004912,-0.0011662,0.0113779,0.0024483,0.0095763,-0.0022807,0.0167652,0.0136884,0.0160583,-0.0008378,0.0050552
2024-02-13,-0.0009907,0.0020051,0.0031982,-0.0016593,0.0028912,-0.0310333,-0.0112507,-0.0181472,0.0064907,-0.0064494,0.0035708,-0.0007742
2024-02-14,0.0214713,0.0110304,0.0061516,0.006773,0.0069172,0.0016392,0.0094692,0.0236553,0.0148959,-0.0030604,0.0024897,-0.0022654
2024-02-15,-0.0453625,-0.0127141,-0.0032895,-0.0134729,-0.0044256,0.0049717,-0.0069359,-0.0010875,-0.0077922,-0.0243173,0.0017864,-0.0045062
2024-02-16,0.015673,-0.0081784,0.0125806,0.0083946,0.0253288,0.010924,-0.0004746,0.0101835,-0.0138602,-0.0106501,0.000227,0.0047818
2024-02-19,0.0026614,0.0089515,0.0126721,0.0047174,-0.0170535,-0.0063168,0.0005905,-0.0167161,-0.0138706,-0.0135469,-0.0015228,0.0009073
2024-02-20,0.0197282,0.002768,-0.0021789,-0.0065201,0.0175727,0.0054932,0.0086459,-0.0082885,-0.0111372,0.0045249,0.0004236,0.0065247
2024-02-21,0.0284381,0.0221768,0.0221795,0.0206747,0.025565,0.0344611,0.0298653,0.0368136,0.0399201,0.0230612,0.0031256,0.0078962
2024-02-22,-0.0126804,0.0096671,0.0053159,-0.0030763,0.0077833,0.0002633,0.0116748,0.0118379,0.0171641,0.0109328,0.001423,-0.0045376
2024-02-23,0.0004949,-0.0133461,0.0126118,0.0014288,0.0065645,0.0021399,0.0052105,-0.0199456,0.006268,0.0174857,0.0011116,-0.0013822
2024-02-26,0.0182532,0.0029355,0.0065627,0.0160366,0.0059598,-0.0047859,-0.0058042,0.0133025,-0.0176758,-0.0039276,-0.00184,0.0047977
2024-02-27,-0.0147269,-0.0070683,-0.0405262,-0.0080087,-0.0113131,-0.0094848,-0.010454,-0.0037052,-0.0053921,0.0056954,-0.0003266,-0.0025865
2024-02-28,0.0078138,0.0210068,0.0310644,-0.0059709,-0.0006626,0.0180973,0.0187306,0.0170718,-0.0076092,0.0016795,-0.0028443,0.0010431
2024-02-29,0.0174206,-0.000281,0.0050945,0.0023259,-0.0033343,0.0295492,0.0288403,0.0067287,0.007035,0.005335,-0.0037126,0.0058368
2024-03-01,-0.0128171,0.007759,0.010477,0.0002838,0.0213177,0.0082881,-0.0021247,-0.0014892,0.0138244,-0.0063138,-0.0030194,0.0039946
2024-03-04,0.0302156,0.0074962,0.0475345,0.0038028,0.029876,0.0198692,0.0109488,0.0159596,-0.0138358,0.019275,-0.0012048,0.0080192
2024-03-05,-0.0113243,-0.0023694,-0.0229614,-0.0058962,0.0074772,0.0041336,0.0092321,0.0112186,0.0014306,-0.0225988,0.0047106,0.0009827
2024-03-06,0.0201204,0.0007695,-0.0071595,-0.0048149,-0.0217858,-0.0249014,-0.0222778,-0.0179312,-0.0258113,-0.0128989,0.0052951,-0.0079894
2024-03-07,-0.0099084,-0.0076229,-0.004133,-0.0096925,-0.0110141,-0.0256385,-0.0077983,0.0013335,0.0027747,0.0061737,-0.0021638,0.0001733
2024-03-08,-0.010721,-0.0105671,-0.0052888,-0.0033661,-0.0204368,0.0053037,0.0017762,-0.0239832,-0.0015843,-0.0116138,0.0037884,-0.00548
2024-03-11,-0.0174144,0.0018388,-0.0108539,0.0012422,-0.0066797,-0.0114324,-0.0219211,0.0089042,0.0019796,-0.0202088,-0.0027051,-0.0015414
2024-03-12,0.0250094,0.0106117,0.0192017,0.0058928,0.0074953,0.0072551,0.0096398,-0.0001642,-0.0178087,0.0073469,-0.0009771,-0.0055743
2024-03-13,-0.0137766,0.0014772,-0.0238225,-0.0061335,-0.014543,-0.01565,-0.0146243,-0.0116828,0.0026141,-0.0044539,0.0036779,-0.0027635
2024-03-14,0.0005662,-0.013382,0.0058173,0.006755,0.0003721,0.0085705,0.0081006,0.0010535,0.0048291,0.0168378,-0.0019758,0.0017601
2024-03-15,0.0263024,-0.0033446,0.0320688,0.0022242,-0.0036446,0.0076489,0.0083737,-0.0024438,0.0048546,-0.0012372,-0.0014792,0.0025429
2024-03-18,0.0047722,-0.0119558,-0.0090686,0.0133912,-0.0010803,-0.0184619,-0.0011593,-0.0195984,-0.021977,-0.004259,0.0051777,0.0031632
2024-03-19,0.0083114,-0.0005409,-0.0136864,0.0009741,0.0090087,0.0101247,-0.020476,-0.0048374,-0.0138376,0.0035369,0.0033408,-0.0014212
2024-03-20,-0.0066344,0.0044389,0.0004943,0.0021611,0.0006383,0.0045578,0.0015353,0.010905,-0.0294083,-0.0008437,-0.0011349,0.002036
2024-03-21,0.0226633,0.0090749,0.0107374,0.0003399,0.018314,0.0247503,0.0125042,0.0121956,0.0127658,0.0012601,-0.0028187,-0.001708
2024-03-22,-0.0039021,0.0011391,-0.0007863,-0.004364,0.0006671,-0.0076059,-0.0031713,-0.0115325,-0.0001782,-0.0112268,-0.003802,0.0014287
2024-03-25,0.0098667,-0.0094685,-0.0473653,0.0061581,-0.0059523,0.0140741,0.003721,-0.0128573,-0.0057979,0.0004017,-0.0007124,0.0059868
2024-03-26,0.0077354,-0.0070927,0.0211121,-0.0099926,0.0055921,-0.0115014,0.0065661,-0.0097779,-0.0064249,0.0025319,0.0015252,0.0017039
2024-03-27,0.0060962,-0.0053519,-0.0001715,0.0016093,0.0073353,-0.0018622,0.0088526,-0.0015449,-0.0044903,-0.0062693,-0.0029368,-0.0039741
2024-03-28,-0.0143664,0.0071303,-0.0050913,0.0120567,-0.023681,0.0025062,-0.0002604,-0.0242234,-0.0021147,-0.0014239,0.0019472,-0.0038628
2024-03-29,0.0022186,0.0053434,-0.0196114,-0.0042142,0.0030582,-0.0106001,0.003276,-0.0030848,0.0078494,-0.0284966,0.0034156,0.0017086
2024-04-01,0.0063475,-0.0075801,0.0243559,-0.0066404,0.0076596,-0.0023823,-0.0165911,0.005241,-0.0009971,-0.0077834,-1.08e-05,0.0123693
2024-04-02,-0.0212536,-0.0008826,-0.0135157,-0.0026714,-0.0016549,-0.0012222,-0.0077268,-0.0220256,-0.0053401,-0.0043544,-0.0004869,-0.0070302
2024-04-03,0.0140074,-0.0108232,0.0090711,-0.0063914,0.0054203,-0.0183469,0.0049057,-0.0051509,-0.0119484,0.0166766,0.0002989,0.0007285
2024-04-04,-0.0042276,0.0014367,-0.0142556,0.0105392,-0.0138966,-0.009454,-0.0040341,0.0185493,-0.0095493,0.0004015,-0.0005188,-0.0044828
2024-04-05,0.0233965,0.024515,-0.0050095,0.0085097,0.0236076,0.0128816,0.0137401,0.0072834,0.0083538,0.0047026,0.0014374,0.0005202
2024-04-08,-0.0017387,0.0057473,-0.0210669,-0.0090112,-0.0047133,-0.0090709,0.0022675,0.0038607,-0.000317,0.007711,-0.000111,-0.0004112
2024-04-09,0.0213506,0.0229179,-0.0017062,-0.0003016,0.0219237,0.0053685,-0.005972,0.0100294,0.0043132,0.0046781,0.0026571,-0.0010999
2024-04-10,-0.0015288,-0.0024776,0.0239586,0.0045186,-0.0216829,0.0125173,0.0074122,-0.0272914,0.0221978,0.0192795,0.0002742,0.0040465
2024-04-11,-0.017634,-0.0127327,0.0078433,-0.0074806,-0.0162866,-0.0054145,-0.0217143,-0.0158621,0.0004721,-0.0223092,0.0009212,-0.0041271
2024-04-12,-0.0247276,-0.0202526,-0.028076,-0.0105281,-0.0220695,-0.0134773,-0.0158396,-0.0243955,-0.0064544,-0.0052684,-0.0027904,0.0021979
2024-04-15,-0.0077321,0.0006335,-0.0163853,-0.0100736,-0.0042961,-0.0125134,0.0029238,0.0193368,0.0049019,-0.0025198,-0.0006024,-0.0047016
2024-04-16,0.0056214,-0.0015058,-0.0033812,0.0129809,0.0040517,0.0128402,0.0144816,0.0083811,0.0097547,0.0056725,-0.0028957,0.0003149
2024-04-17,0.0020643,-0.0152829,-0.0139083,0.0010412,-0.0001154,-0.0044941,-0.008288,-0.0010136,-0.0012376,-0.0028383,0.0009044,0.0004843
2024-04-18,-0.0150651,0.0025129,0.0136709,-0.0041688,-0.0305098,-0.0159672,-0.0011865,-0.017407,0.0001729,-0.0147952,0.0025387,-0.0007174
2024-04-19,-0.0343823,-0.026749,-0.0230648,-0.020544,-0.0284605,-0.0281194,-0.0169471,-0.0518718,-0.021094,-0.0235352,0.0045873,-0.0014727
2024-04-22,-0.0222782,0.0077105,-0.0113934,-0.0034198,-0.0112969,-0.0232385,-0.0079126,-0.0183846,-0.0219363,0.0076682,0.0038131,0.0005793
2024-04-23,-0.008374,0.0111859,0.0042162,-0.0007541,-0.0047161,0.0040055,0.0012957,-0.000919,-0.0014397,0.0075724,0.0014625,0.0067972
2024-04-24,0.001771,-0.0064833,0.0065676,-0.0110817,-0.0041976,0.0132287,0.0165432,0.0097134,0.0054593,-0.0001352,2.98e-05,0.0010779
2024-04-25,0.0093918,-0.0031836,0.0070581,-0.009198,-0.0112892,0.0138611,0.0268048,0.0063922,0.00403,0.0146298,-0.0042479,-0.0063681
2024-04-26,0.0055582,0.0083842,0.0057661,-0.0027934,0.0150075,-0.0072032,-0.0043369,-0.0083756,-0.0160033,-0.0038249,0.0001288,-0.0011578
2024-04-29,0.0048629,-0.0067864,0.0176933,-0.0032677,-0.0129683,-0.0115898,-0.005487,-0.0046225,0.0028207,-0.0001627,0.0036857,-0.0025986
2024-04-30,0.0189329,0.0072189,0.018317,-0.0021892,0.0186362,-0.0009805,0.0250043,-0.0090006,0.0015961,0.0044487,0.0038467,0.0097184
2024-05-01,-0.0140142,0.0082691,-0.0244105,0.0138115,-0.0059897,0.0040148,0.0004069,-0.0108705,-0.0001607,0.0030468,-0.0031435,0.0016263
2024-05-02,-0.0292681,-0.0248892,-0.0066147,-0.0146563,-0.0418702,-0.0143819,-0.0305212,-0.0219758,-0.0292006,-0.002277,0.0030437,-0.0012991
2024-05-03,0.0050979,0.0003676,0.0087504,0.0090572,0.0182543,0.0231274,0.012604,0.0282813,-0.003988,0.0032802,-0.0037496,0.0028829
2024-05-06,-0.0246088,-0.0048084,-0.0109592,-0.0022115,-0.0083218,-0.0120448,-0.0027716,0.0129458,-0.0024358,-0.0046362,0.0029713,-0.004748
2024-05-07,0.0066096,0.005871,0.0215308,0.0083401,0.0320534,0.0007931,0.0181725,0.0299657,-0.0019225,0.0163573,0.0005731,0.0030313
2024-05-08,0.0016187,0.0079418,0.0302782,0.0149178,0.0180803,0.0138863,0.0269958,0.0195102,0.0206226,0.0171747,-0.0068497,0.0178131
2024-05-09,0.0177087,0.02155,-0.0032144,-0.0090201,0.015258,-0.0064637,0.0030497,0.0074214,-0.0077452,0.0058004,-0.0005461,0.0006285
2024-05-10,0.004931,0.0178793,0.0100639,0.0058046,0.0151329,0.0025374,0.007432,0.0353028,0.0007154,0.0199933,-0.0058714,0.0030014
2024-05-13,0.0165477,0.0171711,0.0292863,0.0121976,0.0134746,0.0082197,0.0230782,0.0329176,0.0223456,0.0240991,-0.0036204,-0.0002863
2024-05-14,-0.0176989,-0.0011269,-0.0162711,-0.0126282,-0.0031379,-0.0145012,-0.0163042,-0.025415,-0.0028462,-0.0054097,0.0041546,-0.0037901
2024-05-15,0.0063018,0.011412,-0.0121156,0.0160633,0.0054427,0.001401,0.0068676,0.0060393,-0.0009898,0.0033654,0.0023376,0.0084249
2024-05-16,0.0189679,0.0128454,0.0158651,0.0022857,-0.0063512,0.0010806,-0.0019869,0.0109916,-0.0235148,-0.0011433,0.0016682,0.002463
2024-05-17,-0.0058508,-0.0047555,-0.0306423,0.0072313,-0.000901,0.0028465,-0.0074411,-0.0129865,0.0027511,-0.0104587,-0.0018384,-0.0102884
2024-05-20,0.0144708,0.014768,-0.0034471,-0.0048827,0.0168171,0.0274041,0.0180259,0.0234372,0.004332,0.0136223,-0.0002315,-0.001874
2024-05-21,-0.0130794,-0.0078157,-0.0001665,-0.0069368,-0.0234127,-0.0097251,0.0049052,0.0090536,-0.0108655,-0.0107974,-0.0021337,-0.00297
2024-05-22,-0.0062319,9.17e-05,0.0193555,-0.0043229,0.0103799,0.0030938,-0.0092484,-0.0230768,-0.0066013,0.0097618,0.0004657,0.0067461
2024-05-23,-0.0100517,0.0166902,-0.004818,-0.0057961,-0.0015629,-0.0022417,-0.0089552,-0.0069576,-0.0236532,0.01272,0.0017803,-0.001946
2024-05-24,0.0031819,0.0193252,-0.0059384,0.0116511,0.0257059,0.0162392,0.0106706,0.018409,0.0072523,0.016456,-0.0027039,0.0108899
2024-05-27,0.0039713,-0.0059345,0.0130753,0.0063057,-0.0091118,-0.014346,-0.0153458,-0.0134178,-0.0069929,-0.0045355,0.0078127,-0.0010083
2024-05-28,-0.0044724,-0.0092203,0.0175166,-0.0128521,-0.0029718,-0.0053341,-0.0064238,-0.0047582,-0.010276,-0.0123068,0.0040722,0.0054041
2024-05-29,0.0158609,0.014373,0.0087357,-0.0149491,-0.0036363,0.0097187,-0.0119823,0.0074545,0.0087208,0.0064021,-0.0033016,-0.0002582
2024-05-30,-0.0203284,-0.0093402,-0.0177834,-0.0186729,0.0094112,-0.0092557,-0.0156285,-0.0195385,-0.0021799,-0.0060666,0.0030879,-0.0093854
2024-05-31,-0.0346003,0.0046001,-0.0035803,-0.000311,0.0044272,-0.0095386,-0.0035489,-0.0271995,-0.0064549,-0.0046898,0.0040774,-0.0032926
2024-06-03,0.0174491,-0.0268442,0.0093609,-0.0165615,0.0019154,0.0001735,-0.0129308,-0.0119883,-0.0088196,0.0025782,-0.000325,0.0002345
2024-06-04,-0.0028913,0.002044,-0.0003837,0.0024721,0.0039975,0.0032114,0.0013038,-0.0053519,-0.0034858,-0.0082981,0.0027071,-0.0047679
2024-06-05,-0.0032519,-0.0014718,0.0086802,0.0039924,0.0068924,0.0015215,-0.0110077,-0.0058612,0.0018323,0.0031873,-0.0016552,-0.0026402
2024-06-06,0.0223698,0.00608,0.0168854,0.0168237,0.0092354,0.0060034,0.0268122,0.0178138,0.0335071,0.0003121,0.001485,0.0053929
2024-06-07,-0.0026883,0.0105708,0.0445261,0.0110847,0.0136006,0.0062533,5.55e-05,-0.0045569,0.0041737,0.0141885,-0.0009542,0.0098157
2024-06-10,-0.0101677,-0.0077852,0.0025172,0.0003346,0.0172231,0.0069679,0.0013054,-0.0071302,0.00913,0.0223204,0.0007745,-0.0051701
2024-06-11,-0.0209848,-0.0039764,0.0025404,-0.0054625,-0.0055593,-0.0049641,0.0081902,-0.0151853,-0.0058898,0.0091557,0.0052029,-0.0025769
2024-06-12,0.0101296,0.0224897,0.0309163,-0.0016336,0.0016277,0.0104699,0.0030019,0.0057244,0.0126377,-0.0077885,0.0004664,0.0045999
2024-06-13,0.0044165,0.010898,-0.0037811,0.0006459,-0.0117153,-0.0203902,-0.003005,0.0047225,0.0046992,0.0009523,-0.0008392,0.0007956
2024-06-14,0.0127684,0.0015848,-0.0151325,0.0091592,-0.0024589,0.0218738,0.0015592,0.0058173,0.0184343,0.0019907,-0.0040513,0.0012459
2024-06-17,0.0293191,0.0112215,0.0116839,0.0051672,0.0290762,0.0022456,0.0164124,0.0412683,0.0119361,0.0161722,-0.0031521,0.0006412
2024-06-18,-0.0101733,-0.0085926,-0.0249079,0.0027839,-0.014947,-0.0021368,-0.0104075,0.0059864,-0.0091311,-0.012893,0.0047434,-0.0080782
2024-06-19,-0.0308612,-0.0202943,-0.0055516,-0.0049608,-0.0221443,-0.0055888,-0.0214424,-0.0369969,-0.0303387,-0.0256851,0.0024517,-0.0047204
2024-06-20,0.0048387,0.0015978,0.0027736,0.013425,0.0037648,-0.0070233,-0.00368,-0.0054219,-0.0006879,-0.0127239,0.0034387,-0.0056628
2024-06-21,0.0077783,0.0074329,0.0119197,0.0020336,0.002128,0.0154892,0.0067646,-0.0136729,0.0079478,-0.008716,0.0025999,0.0039857
2024-06-24,0.0374695,0.0036856,0.000296,-0.0005691,0.0104297,0.007928,0.0069354,0.0173689,0.0090371,-0.0106164,-0.0012936,0.0014718
2024-06-25,-7.2e-05,-0.0138068,0.0128106,-0.0047276,0.0040198,0.0029371,-0.0104035,0.0023423,0.0094186,-0.0015529,0.0029599,-0.0062013
2024-06-26,-0.016705,0.0018713,-0.0308272,-0.005163,-0.0024061,0.0046428,0.0086019,0.0095712,-0.0153912,-0.0036226,0.0018975,-0.0019758
2024-06-27,0.01349,-0.0032032,-0.0088883,0.0238524,0.002688,0.0051811,0.0145687,0.0064595,0.0208644,0.0269653,0.0007243,0.0156904
2024-06-28,0.0036505,-0.0136775,0.0131052,0.0078867,-0.0047414,-0.0050882,0.0001456,-0.0117001,0.0059365,-0.001613,0.0049437,0.006757
2024-07-01,0.0143825,0.0094868,0.0370182,0.0123511,0.0006233,0.0146683,0.0172845,0.0167515,0.022431,0.0048851,-0.0062347,0.0079726
2024-07-02,-0.0381955,-0.0207466,-0.0167209,-0.0190518,-0.0245206,-0.0282163,-0.0266216,-0.0327457,-0.0304478,-0.0053716,0.00445,-0.0036772
2024-07-03,-0.0268073,-0.0231316,-0.0570961,-0.0110616,-0.0212828,-0.0119592,-0.0095398,-0.0171816,-0.0123206,-0.0154208,0.0013645,-0.0008633
2024-07-04,0.0060024,0.0110678,0.0154256,-0.0014321,0.0051863,0.025435,0.0207555,0.01088,0.0114322,0.0159118,-0.0042854,0.0028348
2024-07-05,0.0185449,-0.001895,0.0094501,-0.0127131,0.0079121,0.0047037,0.0204933,0.0087551,-0.0001603,0.0085591,0.0002444,-0.003129
2024-07-08,0.010192,0.0216953,0.0148295,-0.0083828,0.0068859,0.0109872,0.0073909,0.0244217,0.0020306,0.0196394,-0.0023813,0.0018005
2024-07-09,0.0124937,-0.014996,-0.0168237,0.0036815,0.0129232,-0.0078761,0.0015852,-0.01551,0.0042323,0.0125598,-0.0003386,-0.0025437
2024-07-10,0.0115986,0.0017003,0.0112744,0.0076321,-0.0055637,0.004925,0.0090728,-0.0085888,0.0066446,-0.0061903,0.0050625,0.0018249
2024-07-11,-0.0133838,0.0031242,-0.0061556,0.0076288,0.0012134,0.0013403,0.0071227,-0.0028478,-0.0285675,-0.0032172,-0.0017201,0.0075035
2024-07-12,-0.0316277,0.0064096,-0.0071262,-0.0003375,-0.0115263,-0.009683,-0.0137094,0.0133561,-0.0151498,-0.0013875,0.001746,-0.001631
2024-07-15,-0.0052763,-0.0081426,-0.0434213,-0.0190276,-0.0216682,-0.001288,-0.0009841,-0.019301,-0.0113827,-0.0189532,0.0027515,-0.0015676
2024-07-16,-0.0209749,-0.0099736,-0.0034799,0.0091448,0.0080516,0.0130106,-0.0157869,-0.0360011,-0.0075823,-0.0165342,0.002865,-0.0037201
2024-07-17,-0.0075494,0.0003932,0.0175751,0.0036829,0.0017638,-0.0058038,-0.0072384,0.0055564,-0.0033528,-0.0077126,0.0017335,0.0003268
2024-07-18,0.0045868,0.0176182,-0.0040471,0.0103745,0.0091255,0.0101089,0.0073426,0.0176505,0.0227649,-0.0074579,0.0032079,0.0001542
2024-07-19,0.0252135,0.0156022,0.0083713,0.0024907,0.0209644,0.0101579,0.022063,2.7e-05,0.0116392,0.0224465,-0.0019392,-0.0008632
2024-07-22,0.0040669,-0.0051023,0.0162532,0.0026373,0.0022164,0.0099336,0.0032337,-0.0039752,-0.0004445,-0.00438,-0.0034286,0.0036587
2024-07-23,-0.0023027,-0.0012507,0.0189289,-0.0084135,-0.0027172,-0.0002168,0.0166883,0.0028443,0.0059224,0.0035569,-0.0039715,0.0027424
2024-07-24,0.0317115,0.0269659,0.0136841,0.0116291,0.0286615,0.0163158,0.0330039,0.0392045,0.0304001,-0.0005913,-0.0021937,0.0071417
2024-07-25,-0.0075676,-0.0197888,-0.0039147,0.0130767,0.009081,0.0010194,-0.0069153,-0.0072649,-0.0023431,-0.0085395,-0.0003121,-0.0004857
2024-07-26,0.015713,-0.0029854,-0.0050418,0.0051851,0.0075753,0.0023065,-0.0171019,0.0104598,0.002918,-0.0162223,0.0003109,-0.0116798
2024-07-29,-0.015803,-0.0048362,-0.0001467,-0.0047395,-0.0030239,-0.0086996,-0.0019279,-0.0050367,0.0029818,0.0055333,0.0030544,-0.001981
2024-07-30,-0.0226409,0.003248,-0.023497,0.0061172,0.0119496,0.0084984,0.008629,0.0117027,-0.0100309,-0.0116346,-0.0062332,0.0004552
2024-07-31,0.0310803,0.0190303,0.0195095,0.0161424,0.0261941,0.0047579,0.0099434,0.0346208,0.0224725,-0.000388,0.0020646,0.0022791
2024-08-01,0.0117196,-0.0064155,0.0151063,0.0049491,-0.0078722,-0.0067873,0.006827,0.0008052,-0.0148232,-0.0105017,-0.0009091,-0.0013997
2024-08-02,0.0005833,0.0240848,-0.0020782,-0.0027643,-0.0040693,0.0106797,0.0108447,0.0215192,0.0052244,0.0076268,-0.0016126,0.0026641
2024-08-05,-0.0104803,-0.0093061,-0.0019612,0.0069368,0.0213248,-0.0134519,-0.0116678,-0.0061995,0.006195,-0.0005224,-0.0011735,0.0030538
2024-08-06,-0.0109042,0.0007879,-0.0085159,-0.005813,-0.0078255,-0.001064,-0.0003997,-0.012347,-0.0128703,-0.0038575,0.0010869,-0.0045177
2024-08-07,0.013193,0.0051882,0.0139339,-0.0102933,-0.0012813,0.0116515,0.0215371,-0.0005625,-0.0140156,0.0067355,0.0036423,0.0021417
2024-08-08,-0.0022335,-0.001441,0.0212322,0.0218239,0.0208689,0.0106117,0.0089965,0.0042726,0.0059182,0.0022542,-0.0058397,-0.0100459
2024-08-09,0.0155177,0.0043888,-0.003785,0.0044315,0.0105006,-0.0021353,-0.0017506,0.0158691,-0.0053038,0.00558,-0.0005435,-6.61e-05
2024-08-12,-0.0118557,-0.0066121,-0.0093112,-0.0122652,-0.009764,-0.0006382,0.0049055,0.008775,-0.033345,0.0044758,0.0007786,-0.0065211
2024-08-13,0.0147015,0.0216397,0.0169402,0.0023299,0.0083063,0.0114907,0.0121643,0.003253,-0.0071518,-0.0001279,-0.0006104,-0.0077297
2024-08-14,-0.0013014,0.0264149,0.0175255,0.0187176,0.0215376,0.0181367,0.0153949,0.0034113,0.0104008,0.0194272,-3.38e-05,0.0005337
2024-08-15,-0.0092978,0.005759,-0.0287715,0.0120865,-0.0103561,-0.0079915,-0.010936,-0.0054391,-0.0047444,-0.0006302,-0.0004433,-0.0067892
2024-08-16,-0.0024853,-0.0045486,-0.0190503,0.0054059,0.0104279,-0.0115674,-0.0042208,0.0164895,0.0101248,0.0141483,-0.0031712,-0.010133
2024-08-19,-0.035702,-0.0066159,-0.0332977,0.0071436,-0.0118549,-0.0060269,-0.0063246,0.0012561,-0.0074964,-0.0031592,-0.0045347,-0.0076033
2024-08-20,0.0068032,0.0014077,-0.0061747,-0.0059487,0.0084319,0.0027839,-0.0022431,0.0238521,-0.0028739,-0.0059907,0.0036757,-0.0043439
2024-08-21,-0.023357,-0.0069855,0.0146677,-0.0084465,-0.0343931,-0.000254,-0.0121852,-0.0010021,-0.0038383,0.0043906,0.0016506,-0.0109009
2024-08-22,0.0075908,0.0179444,0.0352108,0.0123731,0.010541,-0.0031216,0.0189508,-0.004683,0.0059034,0.0020935,0.0009499,0.0042097
2024-08-23,0.0730782,0.0359327,0.0281328,0.0096561,0.0207367,0.0339839,0.0160576,0.0122901,0.0225979,0.0198701,-0.0041424,0.0090624
2024-08-26,0.012363,0.0232372,0.0218519,0.0028149,0.007045,0.0295661,0.0111805,-0.0031086,0.0194492,0.0036788,0.0058889,0.0005378
2024-08-27,-0.0085887,-0.0069028,-0.0252541,0.0088902,0.0284367,0.0091863,0.0051617,-0.0050369,0.0150033,-0.0068279,-0.0023211,-3.3e-06
2024-08-28,0.0040728,-0.0012505,0.0141603,0.0150906,-0.0111488,0.0100345,0.0032182,-0.005757,0.009937,0.0044627,0.0063956,-0.0135589
2024-08-29,-0.0068717,-0.0076418,0.0086973,0.0038926,-0.0083963,-0.0021857,0.005019,0.0021682,0.0033238,-0.0012145,-0.0038668,0.003718
2024-08-30,-0.002759,0.0158108,0.0153909,0.0123722,0.0229749,-0.0024098,0.0024709,-0.0159125,-0.0073767,-0.0028238,0.0015022,0.0048262
2024-09-02,-0.0241906,0.004878,-0.0115018,0.0010688,-0.0003508,-0.0032215,0.0081164,-0.0180417,0.0057791,0.0117363,-0.0009385,-0.0031096
2024-09-03,-0.0109115,0.0024374,0.0063345,0.0028816,-0.0215123,0.0158422,0.0079265,-0.0009065,0.0071957,-0.0113778,0.0012239,-0.0032327
2024-09-04,-0.0154704,-0.0226141,-0.0251712,-0.0028697,-0.0243577,-0.0137859,-0.0179846,-0.002454,-0.0044752,-0.0085265,0.0087099,-0.0017596
2024-09-05,-0.0178612,0.0068813,-0.0152061,-0.0063114,-0.0195222,-0.0088599,-0.0030773,-0.0290849,-0.0082912,-0.0193785,0.0050495,-0.0016361
2024-09-06,-0.0043134,-0.016194,-0.0466626,-0.011194,0.0151046,-0.016419,-0.010505,-0.0286676,-0.019708,-0.0034449,0.005984,0.0014386
2024-09-09,0.0096228,0.0014929,-0.0054471,0.0014644,0.0171435,0.0216217,0.0047285,0.00221,0.0178105,0.0113859,-0.0030648,0.0120108
2024-09-10,-0.0081981,0.0102273,0.0056277,-0.0010893,-0.0035035,-0.0112268,-0.005694,-5.57e-05,-0.006605,-0.0046293,-0.000931,0.0065719
2024-09-11,0.0146229,0.0053272,-0.0102878,0.0004902,0.0107698,-0.000376,0.0102147,0.006311,0.0116292,0.0303066,1.48e-05,0.0031505
2024-09-12,-0.0074,0.0042228,-0.0149698,-0.0001189,-0.021698,0.0134799,0.0057321,-0.0141678,0.016055,0.0010736,0.0022636,0.0003382
2024-09-13,-0.0206528,-0.0055016,-0.0216278,-0.0147338,-0.0025455,-0.0139478,-0.0082028,-0.015655,-0.0020594,-0.0243167,0.0038741,-0.000962
2024-09-16,-0.0088268,0.0065178,0.0122508,0.0013829,0.0108275,-0.0048275,-0.0055496,-0.0150777,0.007405,0.0030895,-0.0050456,0.0034558
2024-09-17,0.0042559,0.0104669,-0.0070837,0.0099811,-0.022648,0.0053401,0.0011491,-0.0089066,0.0042403,-0.0224736,0.00116,0.00076
2024-09-18,-0.0100374,-0.0013597,0.002808,-0.0150385,-0.00546,-0.0145239,-0.0007646,-0.0062214,0.0038769,0.0164223,0.0050113,-0.011912
2024-09-19,-0.0136879,0.0007353,0.0063863,0.0017818,0.0009555,0.0089211,-0.0051872,0.0059645,-0.0035996,0.0104924,0.0009136,-0.0045646
2024-09-20,-0.0114309,0.0171418,0.0121488,0.00705,-0.0029993,-0.0017435,-0.0147958,0.0104022,0.0012995,0.0115561,0.004258,0.0009919
2024-09-23,0.0040861,0.0074823,-0.0077829,0.0066449,-0.0207647,0.0039503,-0.0037836,0.0001426,-0.0129573,-0.0083281,-0.0014925,-0.0004142
2024-09-24,-0.0197688,-0.018584,0.0244122,0.0018382,-0.0178788,-0.0100356,-0.0086175,-0.0028253,-0.0171686,-0.0111255,0.0031705,0.010973
2024-09-25,-0.0021458,-0.0078701,-0.0314998,0.0009955,-0.0216229,2.29e-05,-0.0112811,-0.0181566,0.0062775,-0.0073933,-0.0007498,-0.0018246
2024-09-26,0.0297973,0.0034748,0.0032385,-0.0138683,0.0181381,-0.0113914,0.0008861,-0.0025783,-1.83e-05,0.0002367,-0.004157,-0.0007381
2024-09-27,0.002155,-0.0005214,0.0078678,0.013069,0.0168889,0.0044642,0.0197502,0.0322048,-0.0058351,-0.0052128,0.0042896,-0.0004045
2024-09-30,-0.0077736,-0.0191038,-0.0105147,-0.0010492,-0.0315953,-0.0034487,-0.0219487,-0.0161048,-0.0176678,-0.0056766,0.0034442,-0.0071928
2024-10-01,0.0079295,-0.0076314,-0.0005501,0.0027403,-0.0104767,-0.0056291,9.58e-05,-0.022485,-0.00811,0.0151579,-0.0009245,0.0063468
2024-10-02,0.014734,0.0081705,0.0144329,-0.001242,0.0020604,0.012975,-0.0128824,0.0147257,-0.0039617,0.0150034,0.0055333,0.0035582
2024-10-03,0.0123935,-0.0063714,0.0110612,0.003462,0.0081068,0.0131555,-0.0016444,-0.0087625,-0.0014308,0.0017544,-0.0007372,0.0019161
2024-10-04,-0.000632,-0.0065625,0.0164521,-0.0092956,0.0019348,-0.0014585,-0.0086284,0.0005221,-0.0291585,-2.4e-05,0.0023423,-0.001463
2024-10-07,0.0234963,0.0077557,-0.0004139,-0.0013336,0.0192697,0.0029364,0.0135527,0.029766,0.0111804,-0.0002628,0.0020647,0.0008335
2024-10-08,-0.0080352,-0.0049399,0.0208604,0.0017884,0.0037178,0.0090016,0.0033166,0.0062231,-0.0066575,0.0055971,-0.0032649,0.0011793
2024-10-09,-0.0332415,-0.0065079,0.0075754,-0.00063,-0.0110944,-0.0091286,-0.0121157,-0.0371315,0.0024165,-0.0014706,-0.0017086,-0.0023243
2024-10-10,-0.0071134,-0.0253485,-0.0191083,-0.0028503,-0.0282804,-0.0119307,-0.0258381,-0.0058447,-0.0195668,-0.0188439,0.0029702,-0.0120546
2024-10-11,-0.0042387,-0.0031578,0.0297531,0.0041095,0.0099631,-0.0079599,-0.0104156,-0.0188509,0.0064052,-0.0095919,-0.0035816,0.0045055
2024-10-14,0.0303959,0.0080873,0.008616,0.0047553,0.0084292,0.0052853,0.0160443,0.0147616,0.0019916,0.0174976,0.0047582,-0.0014433
2024-10-15,-0.0010283,-0.0163152,0.0180429,-0.0102444,0.0021936,0.0069849,0.0077264,-0.0118601,-0.00738,-0.0014987,-0.0050127,-0.0029506
2024-10-16,-0.0209234,-0.0112841,-0.0449606,-0.0168352,-0.033609,-0.0098978,-0.0284938,-0.0226471,-0.0064632,-0.0083358,0.004465,0.0008
2024-10-17,-0.0391223,-0.009032,-0.0116287,-0.0108305,-0.0047729,-0.0018078,-0.0186502,-0.0311454,-0.0429131,0.0093218,-0.0002529,-0.0015221
2024-10-18,0.0019567,0.0128208,-0.0224661,-0.0014912,-0.0070801,-0.0030653,-0.0074108,-0.0110541,0.0030895,0.0018851,-0.0036528,-0.0006889
2024-10-21,-0.0008332,0.0138848,0.0227899,0.0131086,0.009177,0.0045341,0.0105066,0.0047275,0.0085816,0.0018295,-0.0044918,0.0033293
2024-10-22,0.0127031,0.0061186,-0.0180827,0.0110108,-0.0156881,-0.0044021,0.0021686,0.0019265,-0.0021636,-0.0033959,-0.0011463,0.0050319
2024-10-23,0.0160444,0.0018533,-0.0150215,0.0056322,0.0168683,0.0079625,-0.0035094,-0.0026646,0.0167573,0.0037483,-0.0029867,0.0062367
2024-10-24,0.0068578,0.0221577,0.0500032,0.0169496,0.0209121,0.0108819,0.000551,0.0035334,-0.0034129,0.0020906,0.0002169,-2.38e-05
2024-10-25,0.0272061,0.0038205,0.0206589,0.0145135,0.0073527,0.0106208,0.0053214,0.0045876,0.012765,0.0096386,0.001414,-0.0008314
2024-10-28,-0.0051351,-0.0002949,-0.0088615,-0.000539,-0.02255,-0.0141586,0.0019231,-0.026549,-0.026341,-0.00293,-0.0037755,0.0056196
2024-10-29,0.021844,-0.0026016,0.0058714,-0.0055647,-0.0153996,0.0064854,-0.0072822,0.0111959,0.0202168,0.0056265,0.0040862,0.0004282
2024-10-30,-0.0008251,-0.0006171,-0.0165802,0.0006958,-0.0087636,-0.0220499,-0.015648,-0.0177119,-0.0186093,-0.0125854,0.0047421,-0.0050111
2024-10-31,-0.0063859,0.0046682,-0.0127131,-0.0081259,-0.0080866,-0.0251621,-0.0170397,-0.0092848,-0.0334096,0.0046997,0.0029266,0.0037648
2024-11-01,0.0015615,0.0039773,0.0206789,0.0170247,0.0163449,0.0101817,0.018994,0.0161285,-0.0183577,0.0066406,5.09e-05,0.004303
2024-11-04,-0.0085655,-0.0136985,-0.0119804,-0.0131438,-0.0078418,-0.0123415,-0.0149966,0.0009476,-0.0048665,-0.0014748,0.0013504,-0.004756
2024-11-05,0.0042807,0.0035659,0.0033009,0.0026057,0.0077889,0.0117198,-0.0061786,-0.0081167,-0.0310716,0.0022515,-0.0036071,-0.0084496
2024-11-06,0.0021325,-0.0053474,0.0188409,0.0113102,0.0105638,-0.0005014,-0.0073922,-0.0069465,-0.0082912,-0.0015193,-0.0011066,0.0087569
2024-11-07,0.0214472,0.021742,0.0121903,-0.0032934,0.0034342,0.0078213,0.011613,0.0217097,0.0005338,0.0019614,-0.0001281,0.007926
2024-11-08,-0.0191617,-0.0053999,-0.0293865,-0.0013177,-0.0072904,-0.005085,-0.0016108,-0.0121628,-0.0016606,-0.0146846,-0.0021898,-0.0025115
2024-11-11,0.001701,0.0164276,0.0147814,0.0126575,0.0087087,0.0111039,0.0017476,0.0115125,-0.0026394,-0.0019217,-0.0072021,0.0025988
2024-11-12,0.0104258,0.0041417,0.0027707,-0.0038313,-0.024851,-0.0110207,-0.0022403,0.0067061,0.0127964,0.0094581,-0.001645,-0.0011526
2024-11-13,0.001897,-0.0029439,0.0011612,-0.0001118,0.0077173,0.0207495,0.0262125,0.005973,0.0312027,-0.0058868,-3.86e-05,0.0057605
2024-11-14,-0.0265209,0.0017077,-0.0137369,-0.0007738,0.0039677,-0.0005163,-0.0108792,-0.0080156,0.0138136,-0.0196114,0.0037717,0.0030092
2024-11-15,0.0112313,0.0015559,-0.0358366,0.0003885,-0.0080216,-0.0022755,0.002703,-0.0070334,-0.0109097,-0.0083449,0.0045812,-0.0069933
2024-11-18,0.0150892,0.0068061,-0.0239019,0.0060864,-0.0053253,0.0223762,-0.0019104,0.016246,0.0014452,-0.0060414,0.0010203,-0.0049787
2024-11-19,-0.0125103,0.0042512,-0.0142019,0.0141658,0.0020332,-0.0206867,0.0081298,0.0107946,-0.0288232,-0.0075776,0.0065873,-0.0020062
2024-11-20,-0.0146767,-0.0178188,-0.0124285,-0.0009034,0.0059735,-0.0172291,-0.0118429,0.0065979,-0.00361,-0.0186833,0.0040954,-0.0005772
2024-11-21,-0.0102524,0.0186632,-0.0125246,0.013589,0.0133779,0.0148194,9.5e-06,0.0010245,0.0090991,0.000399,-0.0039783,-0.0002134
2024-11-22,-0.0062912,0.0042611,-0.0087736,-0.023806,0.0236984,0.0044016,0.0091942,-0.0191209,-0.0096645,0.0029001,0.0065659,0.0028459
2024-11-25,-0.0431553,-0.0238441,-0.0557631,-0.0213289,-0.0254021,-0.0274031,-0.029805,-0.017182,-0.022626,-0.0329773,0.0083664,-0.0029686
2024-11-26,0.0033425,-0.0122478,-0.001539,0.0093219,-0.0162287,-0.0003809,0.0020327,0.0130544,-0.021124,-0.0153171,-0.00135,-0.0018033
2024-11-27,-0.0146173,-0.0079945,-0.003341,-0.0106738,-0.0055659,-0.0197067,-0.0126266,-0.028021,0.0108038,-0.0308833,-0.000452,-0.0094187
2024-11-28,0.0156831,0.0105365,0.0028199,-0.0062522,-0.0083073,-0.0012171,0.0067819,0.021189,0.0109704,0.0145552,-0.0005994,0.0008326
2024-11-29,0.0236136,0.0141861,0.0036923,0.011813,0.0206181,0.0084781,0.0195493,0.0090772,0.01016,0.0051717,-0.0010872,0.0071207
2024-12-02,0.0087186,0.0200735,0.0170431,0.0028795,0.0107845,0.0250693,0.0182462,0.0240397,0.020775,0.0265529,0.002694,0.0086753
2024-12-03,0.0220552,0.0236849,0.0146199,0.0089426,0.0151723,0.0017556,0.0082397,0.0097779,0.009086,0.0069831,-0.0004745,0.005265
2024-12-04,-0.0265851,-0.0047114,-0.0217319,-0.0200095,-0.0262049,-0.0095169,-0.0052724,-0.0159173,-0.0091751,-0.0016207,0.0004397,0.0009036
2024-12-05,0.0059387,0.0004398,-0.0222363,-0.0122231,0.0085679,0.0012052,0.000232,-0.0067405,-0.0144403,0.0005093,-0.0015541,-0.0029028
2024-12-06,-0.0026533,-0.0052559,-0.0210329,0.0013976,-0.0116346,-0.0011723,-0.0107952,-0.0093159,-0.0176042,0.0117632,0.0061432,-0.0051756
2024-12-09,0.0017631,0.0143462,-0.0116952,0.01094,0.0155878,0.0019506,0.0141114,0.0104564,0.007198,0.0068048,0.0007586,-0.0036131
2024-12-10,0.0181083,0.0093485,0.010263,0.0094844,0.0120491,0.0141658,0.0181252,0.0057872,0.0103241,0.0005711,-0.0015628,0.006618
2024-12-11,-0.0158579,-0.0289171,-0.0329576,-0.0041537,-0.0476436,-0.0204549,-0.0273958,-0.0193292,-0.039584,-0.0146163,0.0018002,-0.0120507
2024-12-12,0.0139497,0.0074006,0.0169531,-0.0058142,0.010031,0.0048159,0.0121413,0.0132261,-0.00124,0.0046856,0.0013938,0.0005725
2024-12-13,0.0214826,0.0101814,0.0124211,-0.0004259,0.0023727,-0.0086352,-0.0054595,-0.0059071,0.0083376,-0.0010065,-0.0017685,0.0027451
2024-12-16,-0.0265134,0.0004334,0.0338471,0.0002788,-0.0048269,-0.001321,-0.0059844,0.0058952,0.0255956,0.0192978,-0.0057665,-0.0017024
2024-12-17,0.0488608,0.0215178,0.0644729,0.0050996,0.0439334,0.0267649,0.0265767,0.0093696,0.0276136,0.0271384,-0.0011601,0.0100967
2024-12-18,0.0089275,0.006007,0.0251821,-0.0131206,0.0173281,0.0053375,-0.0047453,0.0084833,-0.0167513,0.0094497,-0.0010359,-0.0030809
2024-12-19,0.0219851,-0.015885,0.0243563,0.0073186,-0.0121011,-0.0020722,-0.009204,-0.0128411,0.0275437,-0.0078406,0.0004306,0.0043134
2024-12-20,0.0031852,-0.0010767,0.0079175,0.0022046,-0.0033135,0.0064088,-0.0020555,0.0015794,0.0069823,0.0131043,-0.0022103,-0.0048603
2024-12-23,-0.007884,-0.001501,0.0089602,-0.002577,-0.016678,-0.014381,-0.0161727,-0.0059147,-0.0169296,-0.0078262,0.0030899,-0.0034448
2024-12-24,-0.0129258,-0.0083939,-0.0280796,-0.009243,-0.0062339,-0.02057,-0.0019012,-0.005241,-0.001101,-0.0107837,-0.0012944,0.0001403
2024-12-25,0.0320716,0.0094929,-0.0073031,-0.0131296,0.0012504,-0.0007174,-0.0047842,-0.0038758,0.0179113,-0.0042195,0.0002807,0.0057573
2024-12-26,0.0259151,0.0149923,-0.0059093,0.0085521,-0.0096428,-0.0008575,0.0160259,0.0207069,0.0191673,0.0084221,0.0009475,0.0004519
2024-12-27,-0.0183152,-0.0005585,0.018096,0.0123211,0.0033622,-0.0144431,-0.0014394,-0.004194,-0.0096293,1.64e-05,-0.0020827,-0.0018831
2024-12-30,0.0225976,-0.0026066,0.0219682,-0.0003905,0.0129781,0.0241249,0.0042416,0.0068289,0.0172155,0.0105526,0.0064344,0.0056991
2024-12-31,-0.0037311,-0.0106281,0.0003148,0.015685,0.0002055,-0.0138273,-0.005982,-0.0109437,0.0001351,-0.0043787,-0.0013521,-0.0056298
2025-01-01,0.0165095,0.0164209,0.0322442,0.0026696,0.0301744,-0.0030598,0.0287136,-0.0025338,0.0052643,0.0083582,-0.0033268,0.0125431
2025-01-02,-0.0053889,0.0168622,-0.0617878,-0.0162953,0.0034708,-0.0085287,-0.0101858,-0.0028831,-0.0050459,-0.0053402,-0.0020578,0.00024
2025-01-03,0.0132599,0.0101021,0.0043465,-0.0092579,-0.0036562,-0.0005536,0.0102231,-0.0078857,0.0146294,-0.0095865,-0.0002803,-0.0008139
2025-01-06,0.0174884,0.0136979,0.0039974,-0.0013931,0.0170389,0.0009371,0.0095491,0.0091756,0.0006623,-0.0019451,0.0017031,0.0030199
2025-01-07,-0.030121,-0.0216226,0.0026998,0.0098838,-0.015935,-0.0136523,-0.0075366,-0.0205833,-0.0255351,-0.0019372,0.0008986,0.003246
2025-01-08,0.0006183,0.0043646,-0.0126327,0.003592,-0.0058278,0.0067844,0.0091291,-0.0033531,-0.0039811,-0.0168561,0.0058254,0.0090506
2025-01-09,0.0388689,0.0047387,0.0171612,0.0007541,0.0225092,0.0137611,0.0165707,-0.0057027,0.0143572,0.019221,-0.0029842,-0.0010998
2025-01-10,-0.0113115,-0.0051151,-0.0088439,-0.0043048,0.0229063,-0.0052835,-0.0016078,0.0092604,0.0022068,-0.0083428,-0.0015928,-0.000356
2025-01-13,0.0216998,0.0011523,0.0274748,0.0130359,0.0084455,0.0117665,0.0191559,0.009216,-0.014796,0.000647,0.0066193,-0.0013106
2025-01-14,0.0076394,0.0227896,-0.0003107,-0.0012825,0.0002555,0.0127223,0.00162,0.0192652,0.020546,0.0193969,0.0030876,0.0005567
2025-01-15,-0.0418539,-0.0224632,0.0182976,-0.0073332,-0.0131056,-0.0291444,-0.0096227,-0.0155865,-0.0232478,-0.0020941,0.0033363,-0.0137482
2025-01-16,0.0175404,0.007391,-0.0126039,-0.000157,0.0011173,0.0182411,0.0122797,0.0065513,0.0064991,0.0083764,0.0015146,0.007223
2025-01-17,0.0089625,-0.0155779,-0.0202394,-0.0047187,-0.0163224,-0.0015026,-0.0159485,-0.0120664,-0.0118115,0.0011388,0.0053103,-0.0053433
2025-01-20,-0.0048652,0.0109367,0.0177414,0.0067479,0.0225708,0.0082879,0.0037642,-0.0056568,0.0010415,0.0098691,0.0026607,-0.0029975
2025-01-21,-0.0192846,-0.0205952,-0.0083279,0.0052683,0.0028439,-0.0036283,-0.0109213,0.0170871,-0.0027132,-0.0026202,0.0047821,0.0055342
2025-01-22,0.0043929,-0.0097289,0.0121321,0.0074725,-0.0013039,0.015553,-0.0026211,0.0067767,-0.0070552,-0.0038084,0.0022181,0.0078038
2025-01-23,-0.0224809,0.0130762,0.0080553,-0.0147056,-0.0073564,0.0094729,-0.0138832,-0.0092314,0.0120478,0.0180473,-0.0044168,0.0020087
2025-01-24,0.019245,-7.25e-05,-0.0019879,-0.0030854,0.0070425,0.0029431,-0.0009642,-0.0076515,0.0147659,-0.007781,-0.0001343,-0.0011643
2025-01-27,0.0045908,0.0048528,-0.003511,0.0024019,-0.0100652,0.0118331,-0.0095758,0.0218737,-0.0197915,-0.0060338,0.0013066,-0.0018052
2025-01-28,-0.0486678,-0.0014244,-0.020946,0.0047188,-0.0195563,-0.0077615,-0.0058124,-0.0230668,0.0004541,-0.0059653,0.0009519,0.0061902
2025-01-29,0.0120697,0.0093756,-0.0078252,-0.0151522,-0.0274513,-0.0061997,-0.0146503,-0.0054484,-0.0124138,-0.0198655,0.001483,0.004229
2025-01-30,0.007368,0.002425,-0.0116314,0.0053664,0.0150017,0.007929,0.0127642,0.0232696,0.0140695,-0.0181616,0.0029783,0.0027202
2025-01-31,0.0034857,0.0182044,0.0039918,-0.001589,0.0230501,0.0242392,0.0279885,0.0157399,0.017535,0.0072678,-0.0045693,-0.0085495
2025-02-03,0.0156648,0.0041748,0.0110478,0.0005478,0.0094723,-0.003407,0.0121906,0.0159225,0.0192703,-0.0066731,0.0018823,-0.001491
2025-02-04,0.0052866,0.0078719,0.0050103,-0.0091614,0.0161152,0.0135874,0.0093584,0.0095488,-0.0044426,0.0090981,0.0046886,-0.0034754
2025-02-05,0.006231,0.0022963,-0.0009006,0.0095573,0.0275754,0.0227927,-0.0002455,0.0096274,0.0036021,0.016382,0.0037031,-5.23e-05
2025-02-06,-0.0391372,-0.0065044,-0.0145649,0.0015787,-0.0093358,-0.0105942,-0.0189429,-0.0260092,-0.0022777,-0.0161283,0.0016866,-0.0047702
2025-02-07,-0.0333462,-0.0304255,-0.0073286,0.0057065,-0.0376835,-0.0052874,-0.0372061,-0.0078497,-0.0198206,-0.0097677,0.0007434,0.0082916
2025-02-10,-0.0026065,-0.0163854,0.0051888,0.0121945,-0.0107381,0.0098841,-0.0169038,0.0169435,-0.0129445,0.0075631,0.0025409,0.005392
2025-02-11,-0.0042152,-0.0089339,-0.0346966,-0.0117149,-0.0270215,-0.0144761,-0.0243394,-0.0236969,-0.0073011,0.0031104,0.0014177,-0.0030299
2025-02-12,-0.0025227,-0.0013388,0.0093872,0.0006091,0.0040658,-0.0017948,-0.017279,-0.0028909,0.0061965,-0.0077509,0.0033152,-0.0052669
2025-02-13,-0.0209086,-0.0132936,-0.048047,-0.0126506,-0.0293511,-0.0159095,-0.0120393,-0.0375271,-0.0208315,-0.0061638,0.0048305,0.0021448
2025-02-14,-0.0096902,-0.0064804,0.0061277,0.0015044,0.0063823,-0.016525,-0.0028577,-0.0001069,0.0051103,-0.0240532,0.000874,0.0026783
2025-02-17,0.0033,0.0008299,-0.0426214,-0.0086117,-0.0020934,-0.011938,-0.018237,-0.0176122,-0.0087514,-0.0006533,0.0003512,-0.0050384
2025-02-18,0.016968,-0.0049106,0.0275578,-0.002196,0.014349,0.0017957,0.0249059,0.0188152,0.0170021,-0.006834,-0.0006224,0.0002764
2025-02-19,-0.0220588,0.0023213,0.0195194,-0.0081519,-0.0144963,0.0038703,-0.0024168,-0.0015379,-0.0040609,-0.0111663,-0.0013538,0.0008099
2025-02-20,-0.0107225,-0.0169559,0.0037473,-0.0069638,0.0003475,-0.0049729,-0.0060771,-0.0066932,-0.0030357,-0.0065791,-0.0023981,-0.0047229
2025-02-21,0.0080931,0.0045823,0.0192872,-0.0106327,0.0025497,0.0042848,0.0102656,0.0209916,-0.0162991,0.0035263,-0.0011363,-0.0039366
2025-02-24,0.0387026,0.0352006,0.0081292,0.0114701,0.0398469,0.0173653,0.0324449,0.0173287,0.0240163,0.0157496,0.0007815,0.0088237
2025-02-25,-0.0013277,0.0011721,-0.0155384,0.0062369,-0.0191266,0.0121505,-0.0040118,-0.005933,0.0050478,-0.0007708,-0.0037407,-0.0006266
2025-02-26,-0.0060508,-0.0208341,-0.049174,0.0024536,-0.0344602,-0.0234912,-0.0136094,-0.0191478,-0.0125959,-0.0114417,1.1e-05,-0.0014372
2025-02-27,-0.0003211,-0.0132896,0.0053214,-0.0030486,0.0068725,0.0008442,-0.0088452,-0.0153412,0.0067472,-0.0067611,-0.0032847,-0.001182
2025-02-28,0.0366734,0.024183,0.0157274,0.0080445,0.0476878,0.0107795,0.0177969,0.0252419,0.0281236,0.0106708,-0.0031046,0.0109439
2025-03-03,0.0060031,0.0079107,-0.0288174,-0.0081694,0.0082835,0.0188566,0.0090089,0.0229969,-0.0011214,0.0101599,-0.0027257,-0.0027843
2025-03-04,0.0169449,0.019999,0.0053643,0.0055392,0.0257112,0.0001201,0.022431,0.0247942,0.0118185,0.0256828,-0.0040499,0.0030671
2025-03-05,0.0259087,0.0114426,-0.0079196,0.0001388,-0.0019772,0.0193084,0.0199546,-0.0007005,0.0159015,-0.0108467,-0.0051347,0.0016875
2025-03-06,0.0088278,0.0039351,0.0118724,-0.0059193,0.0017668,0.0173716,0.0003658,0.0381328,0.0004478,0.0034491,-0.0013756,0.0052782
2025-03-07,0.0013051,-0.006054,0.000264,0.0115594,0.0088146,0.0098606,0.0125777,0.0118668,0.0037224,0.0170727,-0.0034717,0.003884
2025-03-10,-0.0060905,0.0015303,0.0302378,0.0083322,0.007143,0.0009423,0.0155031,0.0116536,0.003306,-0.0059868,-0.0032145,0.0023003
2025-03-11,-0.0052602,0.0017505,-0.0128762,-0.0046743,0.0008235,0.0050353,-0.0066741,-0.0018713,0.0002228,-0.005414,0.0008484,0.0089055
2025-03-12,0.0267119,-0.0184117,-0.0007082,-0.0020719,0.0105188,-0.0012875,-0.0075536,0.0117946,0.005794,-0.015122,-0.0027715,0.0033922
2025-03-13,0.0014297,-0.0077457,0.0045307,0.0141181,0.0028653,0.0016101,0.0146374,0.0013338,0.0183375,0.0015308,-0.0001615,-0.0032497
2025-03-14,-0.0136271,0.003574,0.0092344,-0.0060972,-0.000116,0.0023552,-0.0082008,-0.0019025,-0.0181389,-0.0011919,-0.0002639,0.0061713
2025-03-17,-0.0390906,-0.0182844,-0.0018497,-0.0007265,-0.0171034,0.0050714,-0.0169056,-0.0028919,4.77e-05,-0.0226891,0.0029595,-0.0007212
2025-03-18,-0.0187943,0.010933,-0.0062291,0.0126315,-0.0173453,-0.0085203,0.0017311,-0.0071861,0.0116576,-0.0056572,-0.0058361,0.0047966
2025-03-19,-0.0034773,-0.0004035,-0.0051849,0.005859,0.0073806,-0.0253998,0.0026155,-0.0205713,0.0013232,-0.0018107,0.0019802,-0.0088991
2025-03-20,-0.0014828,0.0158616,0.035992,-0.0107803,-0.0048629,-0.0107772,-0.0014487,0.0131797,0.0117727,-0.006482,-0.0023495,-0.0071947
2025-03-21,-0.0133799,0.0021223,-0.000568,0.0062278,0.0054135,0.0061339,0.0027974,-0.0134522,0.0047503,-0.0121377,-0.006201,-0.0090142
2025-03-24,0.007163,0.0123195,0.0165706,-0.0103189,0.0057337,0.0139563,0.0097114,0.0043799,-0.0021076,-0.0034154,-0.0003183,0.00821
2025-03-25,0.0224118,-0.0153538,0.0029429,0.0148137,-0.0195251,0.0002855,0.0114403,0.0126293,0.0160001,0.0007495,0.0009176,0.0081417
2025-03-26,-0.0001596,0.0052144,0.0171339,-0.0046795,0.0031042,0.0081679,0.002265,0.0021568,0.0094986,0.0111246,0.0031431,0.001667
2025-03-27,-0.0207612,-0.0086249,0.0057844,-0.0047777,-0.0114515,-0.0052137,-0.0231844,-0.0208631,-0.0070963,0.0077476,0.0013785,0.0043767
2025-03-28,-0.002139,-0.0053237,-0.0010577,-0.0016092,-0.0073664,-0.0071458,-0.0132338,0.0073519,-0.0081714,-0.011281,-0.0013276,0.0003067
2025-03-31,0.0076282,0.0003863,-0.017174,0.0048652,-0.0064757,0.0068293,-0.0125482,0.014815,0.0078741,-0.0011935,-0.001336,-0.001578
2025-04-01,0.0104776,-0.0001564,0.0250945,-0.0023379,0.010831,0.0144148,-0.0019132,0.0081263,-0.0094774,-0.0171698,0.0010014,0.001342
2025-04-02,-0.0174532,-0.0251547,-0.0170791,-0.0193235,-0.027388,-0.0073031,-0.0310118,-0.0121166,-0.0304728,-0.0088449,-0.0006519,-0.0093977
2025-04-03,-0.0107809,0.0100766,-0.0176251,0.0051689,0.0086828,-0.0085563,0.0064854,-0.0022459,0.0118378,0.0070543,0.0034629,0.00334
2025-04-04,-0.0068716,-0.0023564,-0.002597,-0.0043264,-0.0016094,-0.0039645,-0.0033688,-0.0205627,-0.0063275,0.0034974,0.0026946,0.0018024
2025-04-07,-0.00176,-0.0045903,0.0067508,-0.0100865,-0.0020122,-0.0059867,-0.0110583,-0.0066985,-0.0042787,-0.0159401,-0.0015347,0.0025079
2025-04-08,0.0037189,0.0158061,0.0226808,0.0086139,0.0145592,0.0228084,0.0150751,0.0251027,0.0200595,0.0059633,-0.0015463,0.0021678
2025-04-09,0.0216275,0.0014706,-0.0133735,0.0041728,-0.0008123,0.0049335,0.0140127,0.0160094,0.0261868,-0.002554,-0.0058428,0.0057009
2025-04-10,-0.0254435,-0.0018202,-0.0344982,-0.0104164,-0.0003723,-0.0191271,-0.0080239,-0.0031296,-0.0201133,-0.0010662,0.0039524,-0.0021139
2025-04-11,-0.0064704,0.0059546,-0.0251688,0.0039001,-0.0038446,0.001776,-0.0041986,-0.0160239,0.0022666,0.0013962,-0.0011441,-0.007933
2025-04-14,-0.0115483,-0.0076788,-0.0389699,-0.0138176,-0.0367826,-0.0083311,-0.0110016,-0.0184224,-0.0025297,0.0108214,-0.0003475,-0.0069934
2025-04-15,0.0252977,-0.0089532,-0.0279067,0.0101339,0.0078357,-0.0036767,0.004159,0.0073701,0.0039989,0.0086159,-0.0022323,-0.0066037
2025-04-16,-0.0090694,0.0153895,-0.0018757,-0.0010228,-0.0162053,-0.0040869,0.0094641,0.0019697,0.0081844,0.0091027,-0.002265,0.0134093
2025-04-17,-0.0109516,0.0015501,0.0007394,0.0123091,-0.007968,-0.0090533,-0.0088978,5.92e-05,0.0031896,-0.0092652,0.0012839,-0.0083099
2025-04-18,0.0369183,0.0200316,0.0264786,0.0047647,0.0093522,0.0173285,0.008503,-0.0026702,0.0169397,0.0100188,0.0029852,-0.0008445
2025-04-21,0.0232567,0.0021966,0.0094338,0.0072668,0.0119457,0.0017926,0.0155193,-0.0031197,0.0225226,-0.0117686,0.0022427,-0.0013347
2025-04-22,-0.0072603,-0.0152378,-0.0042319,0.0011895,0.0063419,0.0085231,-0.0024174,-0.0006487,0.0034788,0.0021464,0.0044212,0.0008506
2025-04-23,-0.0009798,0.0103442,-0.0213637,-0.0065945,0.0059525,0.0061352,0.0170774,0.008485,0.0036502,0.0112398,0.0012634,0.0044451
2025-04-24,-0.0061181,-0.0073863,-0.0167272,-0.0106073,-0.0311974,-0.0082121,-0.0155905,-0.0066239,-0.0145302,-0.0059204,0.0022962,-0.0100362
2025-04-25,-0.0068341,-0.01877,-0.0018194,0.0228295,0.0091086,0.0101181,-0.0044227,-0.0114967,-0.0063646,0.0051393,-0.002702,0.0105927
2025-04-28,-0.0030263,-0.0002892,0.0220046,0.0046515,0.0123701,-0.0165534,0.0001957,0.0015748,0.0025533,0.0170991,-0.001942,0.0018811
2025-04-29,0.0225378,-0.017275,-0.0225995,-0.0028346,-0.0089137,-0.0101587,0.0017587,0.0164294,-0.0141579,0.0102978,-0.0027502,-0.0024946
2025-04-30,0.038472,0.0217511,0.0209623,0.0082126,0.0224227,0.0080982,0.0299612,0.027178,-0.0040385,0.0216868,-0.0059009,0.0072855
2025-05-01,-0.013172,0.0184443,0.0227009,0.0092572,0.0108327,-0.0079207,-0.0050538,0.0185221,0.0084311,0.0062005,-0.0025871,-0.0016625
2025-05-02,0.000235,0.0069553,0.022933,0.0176741,0.0046479,0.0062727,-0.0017881,-0.0196573,0.0105076,-0.0122991,-0.0016529,0.0011926
2025-05-05,-0.0087887,-0.0116933,0.0012222,0.0029843,-0.0201593,-0.0213237,-0.0101769,-0.0108175,-0.008101,-0.0029883,-0.0033516,-0.0041477
2025-05-06,0.0193575,-0.0056462,0.0057674,-0.0061222,0.0094413,-0.0002415,-0.0088809,0.0168852,-0.0304878,-0.0093609,0.003053,-0.0053551
2025-05-07,-0.0256492,-0.0180135,-0.0166235,-0.0025061,-0.0222801,-0.0033337,-0.0042589,-0.0006736,-0.0188159,-0.0011269,-0.0019158,-0.0020408
2025-05-08,0.031278,0.0326647,0.0415605,0.0153879,0.0419655,0.0136108,0.0181076,0.0244455,0.0311949,0.0199706,-0.0013766,0.0120123
2025-05-09,0.0020188,-0.0023406,-0.0100193,0.0057508,-0.0138961,0.0023486,0.0014299,-0.0007782,0.0108135,0.013758,-0.00203,0.0023284
2025-05-12,-0.0072642,0.004076,-0.0042139,-0.0033646,-0.0006859,0.0069202,0.0027073,0.0001128,0.0152798,0.0115072,0.0006869,-0.0064121
2025-05-13,-0.0154797,0.0072841,0.0229641,-0.003282,0.0269764,0.0037388,0.022969,0.0272925,0.019716,0.0009656,0.0038816,0.0019811
2025-05-14,0.0068906,0.0055966,-0.0154621,0.0088576,0.0207967,0.0146318,0.0047211,-0.0003769,-0.0002159,0.0178679,0.0028677,0.0007189
2025-05-15,-0.0231123,-0.0213207,-0.0189253,-0.0095979,-0.0009542,-0.0265652,-0.0141264,0.0041556,-0.0104972,-0.0109951,-0.0034941,0.0018088
2025-05-16,0.0065952,-0.0007348,0.0206171,0.002313,-0.0070607,0.010078,0.0139219,-0.0005447,0.0262873,-0.0054938,0.0057866,-0.0002395
2025-05-19,0.0367337,0.0072753,0.0047307,-0.0040608,0.0039452,-0.0056785,0.0022577,0.0217131,-0.0025016,0.0161012,-0.0009114,0.0022419
2025-05-20,5.67e-05,-0.0074633,0.0148796,-0.0038367,-0.0083749,0.0107763,-0.00539,-0.0145808,-0.0068437,0.005241,-0.0007865,0.0010862
2025-05-21,0.0149836,0.0115079,0.0298716,0.0116769,0.0093073,-0.0014632,0.0041431,-0.0080024,-0.0019563,0.0105604,0.0003944,-0.0013219
2025-05-22,0.0046938,-0.0066297,0.0168927,0.0002299,0.0209056,-0.008199,-0.0053281,-0.004145,0.0033424,0.0011494,-0.0001344,0.0055628
2025-05-23,-0.0083858,-0.0218743,-0.0140621,-0.0173453,0.0030422,-0.0183689,-0.0101237,-0.01805,-0.0158249,-0.0229822,0.0007231,-0.0035722
2025-05-26,-0.0016659,0.0051914,0.018302,0.0182162,-0.0245824,0.014176,-0.0017072,0.0016309,-0.0065073,-0.0027503,0.0028263,0.001231
2025-05-27,-0.0102504,-0.0058338,-0.0135357,-0.0040226,-0.0115153,-0.0070295,0.0089625,0.009168,-0.0036817,-0.0064531,-0.0042079,-0.0004352
2025-05-28,-0.0310355,1.14e-05,-0.0054021,-0.0089285,-0.021194,-0.0122045,0.0017865,0.0024151,-0.0029644,-0.0003279,0.0016707,0.0020772
2025-05-29,-0.0103262,0.0052841,0.0013631,0.0056547,0.0010677,0.0030464,0.0072792,0.0137234,-0.0039663,0.0079565,-0.000838,-0.0027921
2025-05-30,0.0154483,0.0027572,-0.0065911,0.0171433,0.0157798,0.0012323,0.0164852,0.0136477,0.0131407,0.0077393,-0.0043604,-0.004493
2025-06-02,0.0036715,-0.0092433,-0.004688,-0.012459,-0.0015085,0.0033444,0.0008119,0.008315,0.0031628,0.0063208,0.0008554,0.0034498
2025-06-03,-0.0093517,0.0028251,-0.0038194,0.0004156,-0.0035601,-0.0059642,-6.72e-05,-0.0212248,-0.0150383,-0.0168026,0.002443,-0.0026625
2025-06-04,0.0225121,0.0252315,0.0249091,-0.0111153,0.0048279,0.0216122,0.0131803,0.0253808,0.0327575,0.0016997,0.0058739,0.002249
2025-06-05,0.0014522,0.0074146,0.0587368,0.0009076,0.0198074,0.0108444,0.0025816,0.0070979,-0.0081816,-0.0014414,-0.003903,0.0042474
2025-06-06,-0.0088698,0.0023962,-0.0216264,-0.0053204,-0.0128228,0.003344,-0.0024468,0.0015284,0.0166882,0.0144415,-0.0051826,-0.0061218
2025-06-09,-0.0012846,-0.0041034,-0.0002223,0.0017012,0.0034207,-0.0029037,-0.0041288,-0.0078161,-0.0178283,-0.0026352,0.0027352,-0.0069162
2025-06-10,0.0216539,0.0063685,-0.0310645,0.0017899,-0.0061972,0.0122779,0.0058118,0.0091105,0.0009739,0.0050843,0.003525,-0.0065602
2025-06-11,0.0141566,0.0071105,0.0108037,0.0116274,0.0069775,-0.0020874,0.0005106,0.0185844,-0.0058262,0.0017607,0.0005454,-0.0020047
2025-06-12,-0.0154055,0.0048292,0.0099258,-0.0074401,0.0142247,-0.003362,-0.0065101,0.014921,0.0083119,0.0056761,-0.0050794,-0.0079579
2025-06-13,-0.0057085,-0.0065575,-0.016791,-0.001365,0.0058745,-0.0112248,-0.001913,-0.004472,0.022681,-0.0056118,-0.0026911,7.06e-05
2025-06-16,0.0352572,-0.0086907,-0.0133949,-0.0014013,-0.0115347,0.0068693,-0.0072385,0.0016744,-0.0024799,0.0084386,0.0039598,0.0017375
2025-06-17,-0.0074829,0.0031054,-0.005922,0.0026991,-0.0014533,0.0012078,-0.0021812,0.0040772,0.0243442,0.0155154,-0.0006719,0.0018246
2025-06-18,-0.0317692,-0.0017519,0.005933,-0.0156564,-0.0229664,-0.020439,-0.0106426,-0.0196034,-0.0006958,-0.0022184,-0.0031413,-0.0061742
2025-06-19,-0.0063853,-0.00423,0.0123182,0.0039348,0.0165594,-0.020508,0.0184907,0.005574,-0.0036708,-0.0095307,0.0026353,0.0064661
2025-06-20,0.0037486,0.0040861,-0.0047495,-0.0048894,-0.0133186,-0.020399,-0.0063984,0.0076413,0.0188378,-0.0025205,-0.0039281,-0.0023019
2025-06-23,-0.0104826,0.0019699,-0.0105212,0.0048587,-0.0074878,-0.0079057,-0.0109522,-0.0099855,-0.0133953,-0.0080009,0.0002146,0.000959
2025-06-24,-0.0158807,-0.0054259,0.01612,-0.0062775,0.0067773,-0.0014846,-0.0085159,0.0021302,0.0165802,-0.0009817,0.0024398,0.0045145
2025-06-25,-0.0187778,0.0054604,-0.0099894,0.0076048,-0.0040882,0.0052387,0.0224686,-0.0068802,-0.0135199,0.0007357,0.0026834,0.0073316
2025-06-26,0.0021129,-0.0136788,-0.0207289,-0.0155695,-0.0238346,-0.012975,-0.0061847,0.0026107,-0.021652,-0.0140807,0.0021691,-0.0009129
2025-06-27,-0.0018874,-0.0178917,-0.0267383,0.0041564,0.0040328,-0.0123602,-0.0072198,0.0014996,-0.0022872,-0.0130875,0.0017857,-0.0065966
2025-06-30,0.0057595,-0.0032901,-0.0127232,0.000234,-0.0076208,-0.0104116,0.0036421,-0.0085001,0.0141815,0.0095206,0.00279,-0.006405
2025-07-01,-0.0268361,-0.0305555,-0.0131157,-0.0195383,-0.0342974,-0.0199166,-0.0329924,-0.0335355,-0.0216639,-0.0187705,0.0038449,-0.0047451
2025-07-02,-0.0136553,0.0203209,0.020128,0.0049314,-0.0045753,0.0106062,-0.0015383,0.0029121,-0.0005587,0.0032185,0.0051574,-0.0013401
2025-07-03,0.0209826,0.0059401,-0.0107409,0.0193998,0.0113617,-0.0097919,0.000333,-0.006749,-0.0068276,-0.005207,0.0001268,0.0014569
2025-07-04,0.0177804,0.0056126,0.0074508,0.0143782,0.0011142,0.0106911,0.0144746,0.0186157,-0.0028048,0.0006332,-0.0006213,0.0046533
2025-07-07,0.0073261,-0.0058583,0.0174384,0.002688,-0.0130941,0.0030825,-0.0188394,-0.0071212,-0.0262369,-0.0021333,0.003995,0.002241
2025-07-08,-0.0457755,-0.0090741,-0.003922,0.000913,-0.0083182,-0.0053778,-0.0245945,-0.0146331,-0.0180666,-0.0088088,0.0024355,-0.006561
2025-07-09,0.0020025,0.0095597,-0.0022401,-0.0004957,0.0084071,0.0174346,0.0040082,-0.0107657,-0.0049976,0.0053476,-0.005392,-0.0024343
2025-07-10,-0.0269345,0.0041728,-0.0013731,-0.0115246,-0.0240323,-0.0228017,-0.013143,-0.0143517,-0.0268342,-0.005096,0.0048008,-0.0003096
2025-07-11,0.0073029,0.0151629,0.0105419,0.004454,0.0141864,-0.0068974,0.016926,0.0075373,0.003848,0.0097013,-0.00347,-0.0026688
2025-07-14,-0.0023549,-0.0015061,-0.0279206,-0.003828,-0.0161338,-0.0092893,-0.0144585,0.0018751,-0.0029471,-0.0128605,0.0021031,-0.0013305
2025-07-15,-0.0125064,-0.0196848,-0.0283429,-0.0060519,-0.0202109,-0.0129313,-0.0062538,-0.0023155,-0.0097277,-0.0093291,-0.004213,-0.0024571
2025-07-16,-0.0023572,-0.0011824,0.0119266,-0.0090699,0.0104538,-0.0060793,-0.0080383,-0.0074449,-0.0100743,0.0007414,0.0051345,0.0081357
2025-07-17,0.0096728,0.0070535,0.031021,0.0120754,0.0041619,0.0149052,0.0135009,0.0236342,0.0378709,0.0056552,0.0011884,0.0026088
2025-07-18,0.0008774,-0.0080112,-0.0068717,0.0033758,-0.0099046,0.0021276,0.0005338,-0.0037715,0.0217189,0.007724,0.0026769,0.0047118
2025-07-21,-0.0009585,-0.0051414,0.0066351,0.0016656,0.0055724,-0.0002344,-0.0040496,-0.0074639,-0.0148248,-0.0115179,0.0040983,-0.0002173
2025-07-22,-0.0165795,-0.0193914,-0.0266641,-0.0029312,-0.0164902,-0.0023881,-0.0339569,-0.0155624,-0.0099346,-0.0147207,0.0036974,-0.0051342
2025-07-23,0.0105428,0.0203744,-0.0095829,0.0069818,0.0039998,-0.0031012,0.0114035,-0.0180466,0.0106637,-0.0085429,-0.0011352,-0.0020253
2025-07-24,0.0116125,0.0008336,0.0054162,-0.0112669,0.0126626,-0.0058787,0.0100751,-0.0111244,0.0125718,0.0077019,0.0032853,-0.004675
2025-07-25,-0.0086435,-0.0025562,0.0068982,0.0136827,-0.004922,-0.0027808,-0.0057851,0.0100655,-0.0097514,-0.0083337,0.0024365,-0.0020314
2025-07-28,0.0394091,0.0106299,-0.0208457,0.0016804,-0.0030922,0.010236,0.0101069,0.0097045,-0.0076183,0.0116101,-0.0046496,0.0116705
2025-07-29,-0.0012549,-0.0247443,-0.0128869,-0.0083641,-0.0095451,-0.0142263,-0.0140661,-0.0282934,-0.0288922,-0.0257295,0.0042191,-0.0015559
2025-07-30,-1.33e-05,-0.0059224,-0.0037888,-0.0089382,-0.0007278,-0.0137596,-0.0082433,-0.0080198,-0.0102398,-0.0111269,0.0013347,-0.0008889
2025-07-31,-0.0008123,-0.0001771,0.0016406,-0.0032218,-0.0194759,0.0022755,-0.0144337,0.0067387,0.001976,-0.0090476,-0.0023745,-0.0018282
2025-08-01,0.0068725,0.0046832,0.0235113,0.0042264,-0.0126771,-0.0107709,0.0111922,0.0123597,0.000147,0.0116289,-0.0030952,0.0075712
2025-08-04,-0.022873,-0.0164583,-0.0303225,-0.022034,-0.0231114,-0.0037932,-0.0266608,-0.0318621,-0.0230707,-0.0140366,-0.0004222,-0.0020482
2025-08-05,-0.0051552,0.012466,-0.0202471,0.0086039,-0.0030017,0.0048639,0.00568,0.0028536,-0.0014237,0.0125431,-0.0027683,0.0062343
2025-08-06,-0.0296613,0.0013208,-0.023397,-0.000506,-0.0143957,-0.009392,-0.0078012,-0.0071058,-0.0234213,0.0016988,-0.0009505,-0.00195
2025-08-07,0.0156529,-0.0008021,0.0114114,0.0058567,0.0220943,0.0168683,0.0079403,0.0143612,0.0112459,0.0075363,-0.0067231,-0.0024817
2025-08-08,0.0275078,0.0108391,0.0104039,0.0026013,0.0149691,0.019599,0.0313086,0.0270111,0.0286915,0.0020268,0.0037734,0.0070252
2025-08-11,-0.0162417,-0.0045512,0.0127224,-0.0049429,-0.0116199,-0.0121781,-0.0030141,0.0103677,-0.0035232,-0.0043423,0.0037482,-0.0008104
2025-08-12,0.00821,-0.0009657,-0.0260394,0.0048669,-0.0027552,0.014985,-0.0051489,-0.0108107,0.0145619,0.0078096,-0.0018943,-0.002391
2025-08-13,-0.0063317,0.0071137,0.008665,0.010173,0.0021561,1.81e-05,-0.0038623,-0.0045544,0.0052107,-0.0075776,-0.0033126,0.0016945
2025-08-14,-0.0005568,-0.0018731,-0.0074887,-0.006452,-0.0017867,-0.0017385,0.009456,0.0089516,-0.0072438,-0.0062859,0.0007253,-4.25e-05
2025-08-15,0.0147973,-0.0098345,0.0039083,-0.0103443,0.0054979,0.000943,0.0046479,-0.0016987,0.0058476,0.0009206,0.0003977,0.0058377
2025-08-18,0.0204048,0.0135957,0.0138078,2.96e-05,-0.0033568,0.0017119,-0.0038303,-0.003441,0.0045034,0.0018416,4.46e-05,0.0019968
2025-08-19,0.0321641,0.0073783,-0.0139409,0.0071494,0.0184596,0.0161163,0.029708,-0.0039024,0.0004002,0.0092968,0.0007293,0.0054959
2025-08-20,0.0095964,-0.0124028,0.0059746,-0.0022268,0.0069421,-0.0120553,-0.0088434,-0.0119587,-0.013049,0.006931,0.0026179,0.0040486
2025-08-21,0.0418755,0.0144127,0.0324486,0.0167595,0.0306249,0.0308811,0.024035,-0.0001851,0.0306891,-0.0072986,0.0009082,0.0103355
2025-08-22,-0.0082163,-0.0060544,0.0131118,0.0091884,0.0091985,-0.005346,0.0183845,0.0132053,-0.0104638,0.0119729,-0.0077224,0.0041411
2025-08-25,-0.0186622,0.0074276,0.0102388,0.0119599,0.007518,0.0002929,-0.0056327,-0.0067588,0.0149289,0.0044135,0.0019338,0.0024874
2025-08-26,-0.0395997,-0.0161438,-0.0286985,-0.0233637,-0.0149833,-0.0239742,-0.0245009,-0.0144912,-0.0195283,-0.0138876,0.0077778,-0.0026147
2025-08-27,0.0139534,-0.0212878,0.0019096,0.0046897,-0.0021837,0.0129182,-0.0073293,0.0072089,-0.0018073,-0.0115119,0.0003725,-0.0012535
2025-08-28,-0.0003138,-0.008493,0.0083779,-0.0104942,-0.0126219,-0.0261192,-0.0036522,-0.0306438,0.0085281,-0.005221,-0.0010084,0.0011436
2025-08-29,0.0111986,-0.010077,0.018687,0.0185895,-0.0111554,0.0078127,0.0165546,0.0028503,-0.0165356,0.0048548,0.0023128,-0.0025979
2025-09-01,-0.0187839,-0.0075322,-0.0122989,0.0115271,0.003887,0.0066357,0.0131085,-0.0134331,0.0049862,0.0023295,-0.0006313,0.0015081
2025-09-02,0.0067067,0.0047558,0.0114078,-0.001008,0.0288274,0.0216773,0.015903,0.0091747,0.0071806,0.0152297,-0.0005609,-0.0014057
2025-09-03,0.0030227,0.0018407,0.0044665,-0.0081464,-0.0124674,-0.0066306,-0.0091127,-0.0161591,0.0081886,-0.0038656,-0.0004619,-0.0006658
2025-09-04,-0.0271715,0.0037453,-0.0048387,-0.0085371,-0.0043818,0.0070405,-0.0021993,0.0150448,0.0146038,0.0135657,0.0017802,0.0031704
2025-09-05,-0.0170078,-0.0001686,0.0199856,0.0056922,-0.0172209,0.0019721,0.0002603,0.0079745,-0.002221,-0.0004401,-0.0002021,0.0002111
2025-09-08,-0.0205203,-0.0265185,-0.019503,-0.0058312,-0.0343358,-0.0196463,-0.0126104,-0.0173448,-0.0129918,-0.0225178,0.0065672,-0.0089435
2025-09-09,-0.0048912,-0.0086795,-0.0083873,0.0084468,0.0034426,0.0009632,0.0008836,0.0130607,-0.0306416,-0.0161018,0.0003359,-0.0086592
2025-09-10,0.0046747,-0.0074072,-0.002321,-2.23e-05,-0.0004834,0.0012806,-0.0128634,-0.0157216,-0.0060114,-0.0033524,-0.0009313,-0.0071007
2025-09-11,-0.0140096,0.0045915,0.043621,0.0122175,0.005849,0.0346083,-0.0030154,-0.0031945,-0.0019123,0.0059087,0.0048006,-0.0033409
2025-09-12,-0.001358,0.0126862,-0.0378194,0.0021396,-0.0065751,0.0016176,-0.0177874,0.0111696,-0.0105551,0.0025541,0.0012592,-0.0034302
2025-09-15,0.0225912,-0.0070564,-0.0265145,-0.0030758,-0.0036548,-0.000494,0.0120615,0.0044659,0.0083375,0.0067261,0.0021186,0.0029885
2025-09-16,-0.0070932,-0.0087587,-0.022672,0.0018033,0.002002,-0.0139925,-0.0109198,0.0099886,-0.0074217,0.0009582,-0.002193,-0.0017194
2025-09-17,-0.0120446,0.0189608,-0.0343967,0.0109678,-0.0074169,0.0070905,0.0122751,-0.00614,0.003183,-0.0014759,-0.0003365,-0.001152
2025-09-18,-1.3e-06,0.0218969,0.0452138,0.0227892,0.0407547,0.021447,0.0208445,0.0193356,0.029976,0.0075843,-0.0066352,-0.0001305
2025-09-19,0.021566,0.0147227,0.0308225,0.001837,0.015816,0.020659,0.0171101,0.0151012,0.0077182,0.0159324,-0.0083157,0.0044222
2025-09-22,0.0281342,0.0048808,0.0170173,0.0001776,0.0185222,0.0075437,0.0126882,0.0085062,0.0159628,0.0132065,-0.0015826,-0.0027396
2025-09-23,0.0020497,-0.0049107,0.0005694,0.0046546,0.0066461,0.0223019,0.0072947,0.0110365,0.0173112,0.0053613,0.0012777,0.0096319
2025-09-24,0.0022912,-0.0117558,0.0064035,-0.0049628,-0.0165525,0.0075672,-0.0026259,-0.0133869,0.0041379,-0.0020693,-0.0021774,0.0015728
2025-09-25,-0.0129924,-0.0074811,0.0229703,-0.0011586,-0.007565,-0.0055527,-0.008278,-0.0044947,-0.007757,0.0027584,0.0048508,-0.0026128
2025-09-26,-0.031388,-0.015634,-0.0082971,-0.0001148,-0.0212156,2.43e-05,-0.0155158,-0.035617,-0.0098891,-0.002277,-0.0025378,-0.0085276
2025-09-29,-0.0024922,-0.0055136,0.0145876,0.0048426,0.0067298,-0.0101708,-0.007624,-0.0101193,0.0203631,0.005042,-0.0011188,-0.0001047
2025-09-30,0.0039949,0.0098424,0.0260155,0.0061179,0.0108023,0.0257686,0.0081301,0.0058881,-0.0001972,0.025451,-0.0013244,-0.0023873
2025-10-01,-0.0088625,-0.0060889,-0.00134,0.0107021,0.0059713,-0.020448,0.0048495,-0.0030793,0.0110992,0.005542,-0.0006744,-0.0008084
2025-10-02,0.0223447,0.0015093,-0.0067736,0.0107114,0.0005243,0.0052391,0.0107307,0.0143542,9e-05,-0.0003815,-0.0003311,0.0017077
2025-10-03,-0.0230864,-0.0181741,-0.0158902,-0.0154397,-0.0150318,-0.0236489,-0.009321,-0.0269866,0.005303,-0.006039,0.0048564,-0.0019753
2025-10-06,-0.0211113,-0.0039996,-0.0127331,0.0073028,-0.0297932,-0.007602,-0.0105901,0.0100931,-0.0158072,-0.0118722,0.0024083,0.0037043
2025-10-07,0.0208941,0.0126819,-0.0156627,0.0034966,0.0015438,-0.0041038,0.0153203,0.0012803,0.0028446,-0.0001757,0.0033597,0.0075583
2025-10-08,0.0033721,0.0109761,0.0169107,0.0115585,-0.0269849,-0.0023443,-0.0250052,-0.0028156,-0.0138966,-0.0059612,0.0023684,-0.0124151
2025-10-09,-0.0070321,-0.003102,0.0027934,-0.0020729,-0.0185484,0.0086622,-0.0075326,-0.00341,0.0182423,-0.0181333,-0.0009584,0.0025858
2025-10-10,0.0260325,0.0140179,0.0336542,-0.0002439,0.0195311,0.0177797,0.0111732,0.0228029,0.0165285,-0.0074735,3.6e-06,-0.0018614
2025-10-13,0.0044136,-0.0001223,-0.0160505,-0.0044941,-0.013515,0.0049213,0.0069215,0.0087488,-0.0047462,-0.0139102,-0.0014068,-0.0045378
2025-10-14,0.012125,-0.0039658,-0.0261656,0.0026441,-0.0131536,-0.0031164,0.0093295,0.0154616,-0.0021488,-0.0110175,-0.0009962,0.0004948
2025-10-15,0.0068868,-0.0092853,0.0161769,-0.005726,-0.0066353,-0.0078915,-0.0067301,0.0191995,0.0101796,-0.0048192,0.0025743,-0.0042657
2025-10-16,-0.0177649,0.0062517,0.0469864,-1.96e-05,0.0024201,-0.0091083,-0.0060976,0.0037855,0.0016521,-0.0010066,-0.0013334,0.0001909
2025-10-17,-0.0060276,0.000285,0.0068946,0.0008702,-0.0189435,-0.0225722,0.0021814,-0.0006823,-0.0009241,-0.0137953,0.0033591,-0.0008062
2025-10-20,0.0062319,-0.006094,-0.0097552,-0.0014789,0.0088889,0.0141176,-0.0036178,0.0068833,0.0054243,0.0156176,-0.0013261,0.0058868
2025-10-21,0.012451,0.0161338,0.0115233,0.0144082,0.0077844,0.0225417,0.0050385,0.0240261,-0.0046086,0.0149611,-0.0049546,0.0008317
2025-10-22,0.0113876,-0.0007882,-0.0316092,0.0022592,0.0126372,0.0053663,-0.0080142,-0.00165,0.0148207,0.0101593,-0.0047813,0.0044028
2025-10-23,-0.0537499,-0.0325811,-0.0245477,-0.0174451,-0.0141392,-0.0208823,-0.0339721,-0.0146905,-0.0399682,-0.0092075,0.004383,-0.0030912
2025-10-24,0.0323457,-0.0098125,-0.0289837,0.0029125,-0.0130643,-0.0091157,-0.0188965,-0.0128545,-0.0077783,-0.0199401,0.0037559,-0.0068692
2025-10-27,0.0063546,0.0078999,0.0146213,0.0198228,0.0037577,0.010277,0.0110726,0.0126377,-0.023058,0.0045579,-0.0011834,-0.0023366
2025-10-28,0.0168423,0.0137081,0.0137838,0.0084071,0.0104712,-0.0003357,0.0263229,0.0011471,0.009625,0.0093794,-0.0045678,0.0021344
2025-10-29,0.0096567,0.0045542,0.0019579,0.0061048,-0.011067,0.0090645,0.0106441,0.0012402,-0.0098532,-0.0083012,-0.0005152,-0.0029488
2025-10-30,0.0325301,-0.0002754,0.0089128,-0.0051096,0.0231864,0.022212,0.0183486,0.0222877,0.0178015,0.0083079,-0.0001313,0.0037833
2025-10-31,-0.0111349,-0.0109874,0.0083196,-0.0101129,-0.006312,0.0116539,-0.0269224,0.0016243,-0.0197195,0.0033903,-0.005812,0.0006537
2025-11-03,0.0004558,0.0071185,0.026044,0.010949,0.0241914,0.0140758,0.0069122,0.0149086,0.0074935,0.0181102,0.0031344,-0.0009495
2025-11-04,0.013714,0.0013822,0.0088763,0.0108596,0.0155902,-0.0049209,0.0081552,0.0124305,0.005661,0.005159,0.0030746,-0.0028762
2025-11-05,0.026734,0.0045394,0.0113081,-0.0033483,0.010414,0.0072799,0.0059752,-0.0124832,0.0143471,-0.0049249,-0.001268,0.0031781
2025-11-06,-0.0401211,-0.0295811,-0.0175539,-0.0224917,-0.0307077,-0.0274634,-0.0272008,-0.0358428,-0.0296101,-0.0094754,0.0070936,-0.0091714
2025-11-07,0.0190387,0.011322,0.0286553,0.0179307,0.0119931,0.0097094,0.0055467,0.0183822,0.0130702,0.0046697,-0.0026607,-9.58e-05
2025-11-10,-0.0210434,-0.0183724,-0.0040978,-0.0042634,0.007634,0.0044985,-0.0022587,0.0002259,-0.003875,0.0116149,0.0012568,0.0008266
2025-11-11,0.0369097,0.0269167,0.0347142,0.0101013,0.0244702,0.0142885,0.0197521,0.0199703,0.0112686,0.0127606,-0.0011207,0.0082415
2025-11-12,0.0027406,0.0090232,0.0190764,-0.0108937,0.0056945,-0.0023918,-0.0014195,-0.0230661,0.0172739,0.0037976,0.0003379,0.002749
2025-11-13,-0.0027615,-0.0080738,-0.0279052,-0.006522,-0.0348497,-0.0264044,-0.0130054,-0.0008384,-0.0203416,-0.011188,0.0016341,0.0028653
2025-11-14,0.0005485,-0.002215,-0.0087366,-0.0073954,-0.0016311,0.0158934,-0.0129875,0.0003774,-0.0022519,-0.0256369,-0.0003838,-0.0067856
2025-11-17,0.0125505,-0.0072629,0.0136895,-0.001453,0.0032162,0.0178645,0.0205885,-0.005807,-0.0115684,0.0028409,0.0038935,-0.0024395
2025-11-18,0.0119964,-0.0006583,-0.0197567,0.0043149,-0.0123565,-0.0057902,0.0051234,-0.0062016,0.0055707,0.00181,0.0009529,0.0011827
2025-11-19,0.0217492,0.0045992,-0.0016684,0.0024726,-0.0044823,-0.0077275,-0.004355,-0.001519,-0.0106474,-0.0092431,0.0024232,-0.0037594
2025-11-20,-0.0225558,-0.0162492,-0.0057462,-0.0073308,-0.0170145,-0.0001202,-0.029032,-0.0305565,-0.0031429,-0.008053,0.0017156,0.0015234
2025-11-21,0.0062412,0.0127922,0.0178514,-0.0016202,0.0076019,0.014006,0.0213671,0.026124,0.0152571,0.0117941,-0.0019037,-0.0023735
2025-11-24,-0.0125192,-0.0139033,0.0140064,-5.36e-05,-0.0151784,0.0048455,-0.0024036,0.0004178,0.0131359,0.0082829,-0.0021133,0.002383
